予測勝敗,勝敗,年,月,日,レース場番号,レース番号,着順,枠番,選手登番,年齢,体重,級別,全国勝率,モーター2連率,ボート2連率,コース別複勝率,コース別平均スタート順位,コース別1着回数,コース別2着回数,1着回数,2着回数
1,,2025,7,17,24,1,,1,5017,26,51,A1,6.92,38.89,63.64,82.7,3.1,18.0,6.0,36.0,30.0
0,,2025,7,17,24,1,,2,4533,36,50,A2,5.3,23.53,20.0,30.0,3.3,1.0,2.0,20.0,18.0
0,,2025,7,17,24,1,,3,5055,29,53,A2,5.83,33.33,21.43,34.7,2.6,5.0,3.0,24.0,22.0
0,,2025,7,17,24,1,,4,4189,44,56,A2,6.36,29.41,52.17,30.4,4.0,1.0,6.0,39.0,32.0
0,,2025,7,17,24,1,,5,4645,45,52,A2,6.37,46.15,33.33,22.2,2.7,1.0,3.0,28.0,20.0
0,,2025,7,17,24,1,,6,5145,22,54,A2,5.46,33.33,50.0,6.6,4.1,1.0,0.0,30.0,20.0
1,,2025,7,17,24,2,,1,4930,29,53,A2,6.03,61.11,71.43,82.3,2.6,13.0,1.0,28.0,18.0
0,,2025,7,17,24,2,,2,4352,39,52,A1,6.49,53.33,34.78,40.0,3.2,1.0,5.0,20.0,22.0
0,,2025,7,17,24,2,,3,4931,29,53,A2,5.81,73.68,19.05,40.0,3.2,3.0,5.0,24.0,20.0
0,,2025,7,17,24,2,,4,4816,34,55,A2,5.85,25.0,34.78,50.0,3.0,3.0,4.0,29.0,23.0
0,,2025,7,17,24,2,,5,5226,23,53,A2,5.82,50.0,37.5,23.5,2.8,2.0,2.0,27.0,25.0
0,,2025,7,17,24,2,,6,4788,36,54,A1,6.17,33.33,27.27,12.0,4.0,2.0,1.0,35.0,28.0
1,,2025,7,17,24,3,,1,4298,42,54,A2,5.76,35.71,37.5,81.8,2.4,10.0,8.0,20.0,29.0
1,,2025,7,17,24,3,,2,4961,28,47,A1,6.96,0.0,57.14,68.4,3.1,5.0,8.0,24.0,26.0
1,,2025,7,17,24,3,,3,4072,44,52,A1,6.88,41.67,47.83,50.0,2.8,5.0,5.0,42.0,21.0
1,,2025,7,17,24,3,,4,3721,49,53,A1,7.62,26.67,37.5,62.5,2.3,1.0,14.0,36.0,29.0
0,,2025,7,17,24,3,,5,5034,27,56,A1,6.47,42.86,41.18,31.8,3.6,0.0,7.0,36.0,22.0
0,,2025,7,17,24,3,,6,4470,38,54,A2,6.83,42.86,33.33,16.6,3.3,1.0,3.0,37.0,32.0
1,,2025,7,17,24,4,,1,4441,38,54,A1,6.12,26.67,18.75,76.9,2.9,16.0,4.0,30.0,26.0
1,,2025,7,17,24,4,,2,4985,28,51,A1,6.98,25.0,37.5,58.3,2.4,6.0,8.0,47.0,34.0
0,,2025,7,17,24,4,,3,5038,27,51,A2,5.57,41.18,56.25,40.9,3.3,1.0,8.0,15.0,25.0
0,,2025,7,17,24,4,,4,3908,46,56,A1,6.59,35.71,27.27,41.1,2.6,2.0,5.0,37.0,44.0
0,,2025,7,17,24,4,,5,4804,30,49,A2,5.78,41.67,44.44,21.4,4.2,2.0,1.0,23.0,13.0
0,,2025,7,17,24,4,,6,5161,26,53,A2,5.89,50.0,28.57,32.1,2.2,2.0,7.0,38.0,33.0
1,,2025,7,17,24,5,,1,5224,24,52,A1,6.95,26.67,33.33,77.4,2.8,16.0,8.0,27.0,35.0
1,,2025,7,17,24,5,,2,4531,36,53,A2,5.87,33.33,26.67,55.5,2.8,5.0,5.0,23.0,25.0
0,,2025,7,17,24,5,,3,4787,36,52,A1,7.02,23.08,37.5,23.0,3.8,2.0,1.0,28.0,14.0
0,,2025,7,17,24,5,,4,4553,36,51,A2,6.43,25.0,50.0,31.2,3.5,2.0,3.0,23.0,21.0
0,,2025,7,17,24,5,,5,5060,28,51,A2,5.62,37.5,38.89,16.0,4.0,0.0,4.0,18.0,19.0
0,,2025,7,17,24,5,,6,3978,48,52,A1,6.55,41.18,43.48,4.3,4.6,0.0,1.0,22.0,32.0
1,,2025,7,17,24,6,,1,4497,38,53,A1,6.54,23.08,42.86,91.6,2.0,19.0,3.0,35.0,19.0
1,,2025,7,17,24,6,,2,4294,38,57,A2,6.3,64.71,23.81,57.1,3.5,2.0,6.0,19.0,16.0
0,,2025,7,17,24,6,,3,4824,32,52,A2,6.65,50.0,38.89,30.0,2.1,2.0,4.0,34.0,13.0
0,,2025,7,17,24,6,,4,4075,44,55,A1,7.02,52.94,45.83,45.4,2.5,3.0,7.0,39.0,33.0
0,,2025,7,17,24,6,,5,4189,44,56,A2,6.36,29.41,52.17,16.6,4.0,3.0,2.0,39.0,32.0
0,,2025,7,17,24,6,,6,4933,29,53,A1,7.06,52.17,62.5,10.0,2.8,0.0,1.0,32.0,24.0
1,,2025,7,17,24,7,,1,5064,26,52,A2,5.27,42.86,39.13,60.0,2.5,8.0,1.0,19.0,21.0
1,,2025,7,17,24,7,,2,3744,50,53,A1,7.16,41.67,35.29,60.0,3.0,2.0,10.0,45.0,30.0
1,,2025,7,17,24,7,,3,5141,24,52,A1,5.6,58.33,55.56,61.5,2.5,5.0,3.0,22.0,25.0
0,,2025,7,17,24,7,,4,5226,23,53,A2,5.82,50.0,37.5,40.9,3.3,6.0,3.0,27.0,25.0
0,,2025,7,17,24,7,,5,5055,29,53,A2,5.83,33.33,21.43,5.2,3.5,0.0,1.0,24.0,22.0
0,,2025,7,17,24,7,,6,4914,28,50,A1,7.61,37.5,23.81,13.3,3.3,1.0,1.0,43.0,25.0
1,,2025,7,17,24,8,,1,5134,25,54,A2,5.02,33.33,47.83,73.6,2.6,10.0,4.0,24.0,21.0
0,,2025,7,17,24,8,,2,4649,41,51,A2,5.92,29.41,57.14,50.0,2.5,2.0,11.0,28.0,22.0
0,,2025,7,17,24,8,,3,4533,36,50,A2,5.3,23.53,20.0,30.4,2.9,3.0,4.0,20.0,18.0
0,,2025,7,17,24,8,,4,4352,39,52,A1,6.49,53.33,34.78,35.7,2.7,1.0,4.0,20.0,22.0
0,,2025,7,17,24,8,,5,4579,36,53,A1,6.88,46.15,20.0,5.2,3.7,0.0,1.0,29.0,19.0
0,,2025,7,17,24,8,,6,4961,28,47,A1,6.96,0.0,57.14,7.6,4.4,0.0,1.0,24.0,26.0
1,,2025,7,17,24,9,,1,4804,30,49,A2,5.78,41.67,44.44,66.6,3.6,14.0,0.0,23.0,13.0
1,,2025,7,17,24,9,,2,4645,45,52,A2,6.37,46.15,33.33,50.0,2.9,5.0,5.0,28.0,20.0
0,,2025,7,17,24,9,,3,3946,49,56,A1,7.19,46.15,61.11,38.4,3.7,4.0,6.0,37.0,37.0
0,,2025,7,17,24,9,,4,4977,31,55,A2,6.23,57.14,27.27,33.3,3.8,3.0,2.0,17.0,16.0
0,,2025,7,17,24,9,,5,4477,37,57,A1,6.97,35.29,42.86,12.5,3.6,1.0,2.0,36.0,21.0
0,,2025,7,17,24,9,,6,4278,42,51,A1,6.45,18.75,71.43,23.0,3.3,1.0,2.0,32.0,25.0
1,,2025,7,17,24,10,,1,4825,31,47,A2,6.04,33.33,66.67,85.7,2.5,10.0,2.0,22.0,20.0
0,,2025,7,17,24,10,,2,5224,24,52,A1,6.95,26.67,33.33,50.0,2.8,5.0,7.0,27.0,35.0
0,,2025,7,17,24,10,,3,5145,22,54,A2,5.46,33.33,50.0,34.6,2.5,3.0,6.0,30.0,20.0
0,,2025,7,17,24,10,,4,3779,49,53,A1,7.04,31.25,36.36,43.4,2.7,7.0,3.0,33.0,16.0
0,,2025,7,17,24,10,,5,4930,29,53,A2,6.03,61.11,71.43,15.7,3.0,3.0,0.0,28.0,18.0
1,,2025,7,17,24,10,,6,3876,48,52,A2,7.91,37.5,38.1,63.6,2.4,2.0,5.0,35.0,20.0
1,,2025,7,17,24,11,,1,4787,36,52,A1,7.02,23.08,37.5,83.3,3.5,14.0,1.0,28.0,14.0
0,,2025,7,17,24,11,,2,4931,29,53,A2,5.81,73.68,19.05,40.9,3.0,4.0,5.0,24.0,20.0
1,,2025,7,17,24,11,,3,5034,27,56,A1,6.47,42.86,41.18,77.7,2.4,8.0,6.0,36.0,22.0
0,,2025,7,17,24,11,,4,5017,26,51,A1,6.92,38.89,63.64,36.3,2.5,2.0,6.0,36.0,30.0
0,,2025,7,17,24,11,,5,4985,28,51,A1,6.98,25.0,37.5,29.1,3.0,2.0,5.0,47.0,34.0
0,,2025,7,17,24,11,,6,4075,44,55,A1,7.02,52.94,45.83,20.0,3.7,2.0,2.0,39.0,33.0
1,,2025,7,17,24,12,,1,3908,46,56,A1,6.59,35.71,27.27,81.8,3.0,20.0,7.0,37.0,44.0
0,,2025,7,17,24,12,,2,4816,34,55,A2,5.85,25.0,34.78,35.2,3.4,1.0,5.0,29.0,23.0
1,,2025,7,17,24,12,,3,3721,49,53,A1,7.62,26.67,37.5,55.5,2.6,3.0,7.0,36.0,29.0
0,,2025,7,17,24,12,,4,5141,24,52,A1,5.6,58.33,55.56,44.4,2.1,4.0,4.0,22.0,25.0
0,,2025,7,17,24,12,,5,3978,48,52,A1,6.55,41.18,43.48,16.0,3.4,2.0,2.0,22.0,32.0
0,,2025,7,17,24,12,,6,4824,32,52,A2,6.65,50.0,38.89,0.0,4.0,0.0,0.0,34.0,13.0
1,,2025,7,17,23,1,,1,3606,53,51,A2,5.39,40.95,23.91,80.9,3.3,12.0,5.0,16.0,24.0
0,,2025,7,17,23,1,,2,3922,50,51,B1,3.78,33.33,35.71,13.6,3.8,0.0,3.0,7.0,10.0
0,,2025,7,17,23,1,,3,3964,46,55,B1,4.16,39.57,50.65,15.7,3.6,0.0,3.0,9.0,9.0
0,,2025,7,17,23,1,,4,4213,41,53,B1,5.08,35.82,18.6,15.0,3.2,2.0,1.0,10.0,20.0
0,,2025,7,17,23,1,,5,3867,50,56,B1,3.6,33.82,37.5,0.0,4.2,0.0,0.0,6.0,5.0
0,,2025,7,17,23,1,,6,5417,19,51,B2,1.54,30.05,34.48,0.0,0.0,0.0,0.0,0.0,0.0
1,,2025,7,17,23,2,,1,4812,35,51,A2,5.88,27.44,29.41,82.3,2.9,10.0,4.0,24.0,13.0
0,,2025,7,17,23,2,,2,4292,40,54,A2,6.34,41.92,24.42,25.0,3.2,0.0,4.0,22.0,19.0
0,,2025,7,17,23,2,,3,4871,33,54,B1,5.08,32.87,45.45,38.1,3.4,4.0,4.0,13.0,16.0
0,,2025,7,17,23,2,,4,5312,24,53,B2,2.29,38.57,29.89,0.0,4.2,0.0,0.0,0.0,1.0
0,,2025,7,17,23,2,,5,3953,48,53,B1,3.8,27.14,40.22,0.0,3.2,0.0,0.0,5.0,7.0
0,,2025,7,17,23,2,,6,3273,59,52,B1,4.53,39.63,17.2,0.0,3.6,0.0,0.0,10.0,15.0
1,,2025,7,17,23,3,,1,4879,30,53,A2,5.35,31.05,23.26,64.2,3.3,6.0,3.0,22.0,15.0
0,,2025,7,17,23,3,,2,4978,31,56,B1,3.95,36.41,40.0,20.0,4.0,1.0,2.0,6.0,10.0
0,,2025,7,17,23,3,,3,4640,34,52,A2,5.69,38.65,22.22,33.3,2.9,2.0,4.0,23.0,20.0
0,,2025,7,17,23,3,,4,4007,46,50,B1,4.87,26.54,29.67,26.3,1.4,3.0,2.0,8.0,13.0
0,,2025,7,17,23,3,,5,3776,50,54,B1,3.46,32.88,37.93,0.0,3.4,0.0,0.0,7.0,9.0
0,,2025,7,17,23,3,,6,3715,50,54,B1,5.43,29.49,31.11,6.2,3.9,0.0,1.0,10.0,13.0
1,,2025,7,17,23,4,,1,4111,45,57,B1,5.03,34.55,35.96,75.0,3.8,12.0,3.0,20.0,16.0
1,,2025,7,17,23,4,,2,4296,38,52,A1,7.0,30.64,21.05,57.8,2.8,3.0,8.0,31.0,31.0
0,,2025,7,17,23,4,,3,4035,46,52,B1,3.77,37.61,29.63,15.7,4.8,1.0,2.0,14.0,12.0
0,,2025,7,17,23,4,,4,5309,20,52,B2,1.42,37.78,53.85,0.0,4.6,0.0,0.0,0.0,0.0
0,,2025,7,17,23,4,,5,4448,38,53,A1,6.37,37.99,41.03,50.0,3.4,2.0,3.0,23.0,20.0
0,,2025,7,17,23,4,,6,4588,34,55,A2,6.32,25.65,26.44,5.5,4.6,0.0,1.0,22.0,17.0
1,,2025,7,17,23,5,,1,4650,41,53,A1,6.21,28.1,25.0,81.4,3.1,18.0,4.0,30.0,24.0
0,,2025,7,17,23,5,,2,5041,26,51,B1,4.88,34.74,32.1,29.4,3.1,3.0,2.0,18.0,7.0
0,,2025,7,17,23,5,,3,3527,54,52,B1,5.24,31.47,40.0,31.5,3.2,1.0,5.0,14.0,21.0
0,,2025,7,17,23,5,,4,5199,23,55,B1,4.69,31.96,36.47,30.0,1.8,1.0,2.0,5.0,12.0
0,,2025,7,17,23,5,,5,5348,21,52,B2,1.81,30.46,41.67,0.0,0.0,0.0,0.0,0.0,0.0
0,,2025,7,17,23,5,,6,4213,41,53,B1,5.08,35.82,18.6,13.3,4.0,1.0,3.0,10.0,20.0
1,,2025,7,17,23,6,,1,3953,48,53,B1,3.8,27.14,40.22,54.5,2.1,4.0,2.0,5.0,7.0
0,,2025,7,17,23,6,,2,3663,55,50,B1,5.03,29.36,29.76,37.0,3.8,3.0,7.0,13.0,25.0
0,,2025,7,17,23,6,,3,4772,32,57,A1,5.81,46.36,31.82,30.0,1.9,0.0,3.0,32.0,18.0
0,,2025,7,17,23,6,,4,4873,31,52,A2,5.66,28.76,23.86,33.3,4.1,1.0,4.0,13.0,25.0
0,,2025,7,17,23,6,,5,3922,50,51,B1,3.78,33.33,35.71,5.0,3.6,0.0,1.0,7.0,10.0
0,,2025,7,17,23,6,,6,4948,32,51,B1,5.31,27.73,22.99,13.0,3.9,0.0,3.0,22.0,24.0
1,,2025,7,17,23,7,,1,4007,46,50,B1,4.87,26.54,29.67,70.0,2.6,3.0,4.0,8.0,13.0
0,,2025,7,17,23,7,,2,4471,38,53,A1,7.2,36.21,33.7,45.4,3.7,3.0,7.0,33.0,19.0
0,,2025,7,17,23,7,,3,3211,63,56,B1,3.78,26.32,40.74,26.6,3.5,0.0,4.0,3.0,8.0
0,,2025,7,17,23,7,,4,4475,37,55,A1,5.85,29.32,29.07,40.0,2.5,2.0,4.0,27.0,19.0
0,,2025,7,17,23,7,,5,5417,19,51,B2,1.54,30.05,34.48,0.0,0.0,0.0,0.0,0.0,0.0
0,,2025,7,17,23,7,,6,4871,33,54,B1,5.08,32.87,45.45,0.0,3.2,0.0,0.0,13.0,16.0
0,,2025,7,17,23,8,,1,3867,50,56,B1,3.6,33.82,37.5,30.7,3.5,3.0,1.0,6.0,5.0
0,,2025,7,17,23,8,,2,3975,48,52,B1,5.46,34.03,41.57,40.0,3.4,1.0,9.0,20.0,31.0
0,,2025,7,17,23,8,,3,4604,37,53,A1,7.14,37.96,34.88,50.0,3.1,0.0,9.0,28.0,34.0
0,,2025,7,17,23,8,,4,3776,50,54,B1,3.46,32.88,37.93,12.5,4.2,0.0,2.0,7.0,9.0
0,,2025,7,17,23,8,,5,3273,59,52,B1,4.53,39.63,17.2,0.0,3.1,0.0,0.0,10.0,15.0
0,,2025,7,17,23,8,,6,5309,20,52,B2,1.42,37.78,53.85,0.0,3.9,0.0,0.0,0.0,0.0
1,,2025,7,17,23,9,,1,4978,31,56,B1,3.95,36.41,40.0,75.0,3.4,4.0,2.0,6.0,10.0
0,,2025,7,17,23,9,,2,3964,46,55,B1,4.16,39.57,50.65,27.7,4.0,1.0,4.0,9.0,9.0
0,,2025,7,17,23,9,,3,4111,45,57,B1,5.03,34.55,35.96,27.2,3.8,2.0,4.0,20.0,16.0
0,,2025,7,17,23,9,,4,4064,45,52,A1,6.63,42.38,33.71,25.0,3.2,1.0,7.0,39.0,34.0
0,,2025,7,17,23,9,,5,5312,24,53,B2,2.29,38.57,29.89,6.6,4.1,0.0,1.0,0.0,1.0
0,,2025,7,17,23,9,,6,5348,21,52,B2,1.81,30.46,41.67,0.0,4.3,0.0,0.0,0.0,0.0
1,,2025,7,17,23,10,,1,4315,41,54,B1,4.77,27.18,27.91,65.3,3.4,11.0,6.0,16.0,25.0
1,,2025,7,17,23,10,,2,4873,31,52,A2,5.66,28.76,23.86,66.6,3.7,2.0,8.0,13.0,25.0
0,,2025,7,17,23,10,,3,4296,38,52,A1,7.0,30.64,21.05,26.6,2.5,2.0,2.0,31.0,31.0
0,,2025,7,17,23,10,,4,3606,53,51,A2,5.39,40.95,23.91,25.0,3.7,0.0,4.0,16.0,24.0
0,,2025,7,17,23,10,,5,5041,26,51,B1,4.88,34.74,32.1,33.3,3.4,3.0,3.0,18.0,7.0
0,,2025,7,17,23,10,,6,4292,40,54,A2,6.34,41.92,24.42,11.7,3.2,0.0,2.0,22.0,19.0
1,,2025,7,17,23,11,,1,3527,54,52,B1,5.24,31.47,40.0,73.6,2.6,10.0,4.0,14.0,21.0
0,,2025,7,17,23,11,,2,4448,38,53,A1,6.37,37.99,41.03,43.7,3.6,4.0,3.0,23.0,20.0
0,,2025,7,17,23,11,,3,4879,30,53,A2,5.35,31.05,23.26,40.0,2.5,4.0,4.0,22.0,15.0
0,,2025,7,17,23,11,,4,5330,21,51,B1,5.19,26.26,34.09,26.3,2.9,4.0,1.0,11.0,10.0
0,,2025,7,17,23,11,,5,4253,42,57,B1,4.04,28.17,36.14,7.4,4.1,1.0,1.0,12.0,14.0
0,,2025,7,17,23,11,,6,3663,55,50,B1,5.03,29.36,29.76,7.1,3.2,0.0,1.0,13.0,25.0
1,,2025,7,17,23,12,,1,4604,37,53,A1,7.14,37.96,34.88,100.0,2.0,22.0,4.0,28.0,34.0
0,,2025,7,17,23,12,,2,4588,34,55,A2,6.32,25.65,26.44,40.0,2.4,2.0,4.0,22.0,17.0
0,,2025,7,17,23,12,,3,4650,41,53,A1,6.21,28.1,25.0,44.4,2.9,2.0,6.0,30.0,24.0
0,,2025,7,17,23,12,,4,4812,35,51,A2,5.88,27.44,29.41,45.4,2.7,3.0,2.0,24.0,13.0
0,,2025,7,17,23,12,,5,4475,37,55,A1,5.85,29.32,29.07,26.6,3.1,1.0,3.0,27.0,19.0
0,,2025,7,17,23,12,,6,4640,34,52,A2,5.69,38.65,22.22,0.0,4.0,0.0,0.0,23.0,20.0
1,,2025,7,17,22,1,,1,4627,39,47,A2,5.65,45.31,27.27,71.4,1.3,8.0,2.0,14.0,14.0
0,,2025,7,17,22,1,,2,5195,23,44,B1,5.04,31.25,42.19,23.0,3.0,0.0,3.0,3.0,8.0
0,,2025,7,17,22,1,,3,5272,23,47,B1,3.45,29.67,26.67,13.3,3.5,0.0,2.0,9.0,8.0
0,,2025,7,17,22,1,,4,3994,46,46,B1,5.1,36.78,36.36,36.8,4.1,2.0,5.0,13.0,25.0
0,,2025,7,17,22,1,,5,3704,51,48,B1,3.75,28.75,30.91,0.0,4.7,0.0,0.0,4.0,1.0
0,,2025,7,17,22,1,,6,5335,20,47,B1,2.78,28.4,27.42,11.3,4.1,1.0,4.0,1.0,8.0
1,,2025,7,17,22,2,,1,5296,23,46,B1,4.23,44.62,19.23,0.0,0.0,0.0,0.0,4.0,10.0
0,,2025,7,17,22,2,,2,5317,24,46,B1,3.55,28.17,35.29,0.0,6.0,0.0,0.0,2.0,4.0
0,,2025,7,17,22,2,,3,4456,36,45,A1,6.51,43.86,49.23,42.8,3.5,3.0,6.0,30.0,23.0
0,,2025,7,17,22,2,,4,4349,39,50,B1,4.91,28.24,20.37,15.3,2.8,0.0,2.0,15.0,20.0
0,,2025,7,17,22,2,,5,5327,21,49,B2,1.06,35.79,34.48,0.0,4.3,0.0,0.0,0.0,0.0
0,,2025,7,17,22,2,,6,4556,35,47,B2,6.08,34.85,50.0,0.0,0.0,0.0,0.0,3.0,4.0
1,,2025,7,17,22,3,,1,3579,52,48,B1,5.05,44.19,36.51,71.4,2.8,6.0,4.0,15.0,12.0
0,,2025,7,17,22,3,,2,5250,23,45,B1,3.42,40.35,33.82,14.2,4.1,1.0,0.0,2.0,0.0
1,,2025,7,17,22,3,,3,4190,44,50,A1,6.01,34.41,43.55,58.8,3.4,3.0,7.0,31.0,20.0
0,,2025,7,17,22,3,,4,5203,21,45,B1,4.2,33.33,28.36,13.6,2.6,0.0,3.0,6.0,13.0
0,,2025,7,17,22,3,,5,3357,56,49,B1,4.47,35.16,27.12,0.0,4.6,0.0,0.0,7.0,10.0
0,,2025,7,17,22,3,,6,5264,25,44,B1,4.05,29.31,26.98,7.6,3.8,0.0,1.0,14.0,15.0
1,,2025,7,17,22,4,,1,5281,22,47,B1,5.93,44.59,30.51,69.2,2.9,7.0,2.0,15.0,17.0
0,,2025,7,17,22,4,,2,4317,40,48,B1,4.06,22.81,38.67,45.4,3.3,2.0,3.0,3.0,8.0
0,,2025,7,17,22,4,,3,4240,41,45,A1,6.14,29.85,37.5,50.0,2.9,9.0,5.0,31.0,31.0
0,,2025,7,17,22,4,,4,3518,57,48,B1,4.34,39.39,24.59,17.6,2.9,2.0,1.0,6.0,11.0
0,,2025,7,17,22,4,,5,4765,35,50,B1,5.41,42.11,22.73,35.2,2.2,5.0,1.0,20.0,11.0
0,,2025,7,17,22,4,,6,4447,38,49,A2,6.23,38.82,44.62,5.0,3.7,1.0,0.0,23.0,18.0
1,,2025,7,17,22,5,,1,4014,45,47,A2,5.78,38.98,37.66,72.0,3.6,11.0,7.0,16.0,22.0
0,,2025,7,17,22,5,,2,5078,27,46,B1,4.8,42.25,38.57,50.0,3.6,0.0,4.0,3.0,8.0
0,,2025,7,17,22,5,,3,3994,46,46,B1,5.1,36.78,36.36,32.0,3.0,2.0,6.0,13.0,25.0
0,,2025,7,17,22,5,,4,5144,24,46,B1,4.25,38.16,20.31,23.0,3.7,1.0,2.0,5.0,9.0
0,,2025,7,17,22,5,,5,5193,23,46,A2,6.29,43.08,35.48,31.2,3.3,2.0,3.0,19.0,21.0
0,,2025,7,17,22,5,,6,4123,43,47,A1,6.9,48.48,32.76,26.6,3.7,1.0,3.0,27.0,28.0
1,,2025,7,17,22,6,,1,4045,45,47,B1,4.69,33.82,30.51,59.2,3.6,13.0,3.0,21.0,18.0
0,,2025,7,17,22,6,,2,4525,37,47,B1,4.34,44.12,26.76,21.0,2.3,0.0,4.0,8.0,11.0
0,,2025,7,17,22,6,,3,5195,23,44,B1,5.04,31.25,42.19,21.4,2.7,0.0,3.0,3.0,8.0
0,,2025,7,17,22,6,,4,4530,36,45,A1,6.92,35.06,33.82,31.2,2.9,3.0,2.0,31.0,18.0
0,,2025,7,17,22,6,,5,5163,25,46,A1,6.18,37.25,37.93,35.7,3.5,1.0,4.0,28.0,17.0
0,,2025,7,17,22,6,,6,5327,21,49,B2,1.06,35.79,34.48,0.0,4.5,0.0,0.0,0.0,0.0
1,,2025,7,17,22,7,,1,3845,48,45,A2,6.43,43.48,41.79,75.8,3.7,19.0,3.0,26.0,23.0
0,,2025,7,17,22,7,,2,4484,34,50,B1,4.76,32.47,27.94,10.0,4.1,1.0,1.0,7.0,14.0
0,,2025,7,17,22,7,,3,5317,24,46,B1,3.55,28.17,35.29,8.3,4.4,1.0,0.0,2.0,4.0
0,,2025,7,17,22,7,,4,4225,43,46,A1,6.69,27.78,34.78,47.8,2.7,2.0,9.0,21.0,32.0
0,,2025,7,17,22,7,,5,3551,53,44,B1,4.2,29.41,30.88,23.5,2.9,0.0,4.0,6.0,12.0
0,,2025,7,17,22,7,,6,5340,23,45,B1,2.95,36.0,33.33,3.3,4.1,0.0,2.0,1.0,3.0
1,,2025,7,17,22,8,,1,4478,37,48,A2,6.4,31.08,30.65,100.0,2.0,11.0,2.0,17.0,21.0
0,,2025,7,17,22,8,,2,3704,51,48,B1,3.75,28.75,30.91,22.2,4.6,2.0,0.0,4.0,1.0
0,,2025,7,17,22,8,,3,5250,23,45,B1,3.42,40.35,33.82,0.0,3.4,0.0,0.0,2.0,0.0
0,,2025,7,17,22,8,,4,4433,39,47,A1,6.53,29.41,44.12,38.1,3.5,5.0,3.0,27.0,23.0
0,,2025,7,17,22,8,,5,4317,40,48,B1,4.06,22.81,38.67,8.3,3.6,0.0,1.0,3.0,8.0
0,,2025,7,17,22,8,,6,4936,28,48,A2,5.5,32.18,24.59,15.3,4.3,0.0,2.0,15.0,17.0
1,,2025,7,17,22,9,,1,4773,32,49,A2,5.67,50.85,40.74,80.0,3.8,14.0,6.0,20.0,31.0
0,,2025,7,17,22,9,,2,5272,23,47,B1,3.45,29.67,26.67,46.6,1.9,4.0,3.0,9.0,8.0
0,,2025,7,17,22,9,,3,5078,27,46,B1,4.8,42.25,38.57,0.0,3.4,0.0,0.0,3.0,8.0
0,,2025,7,17,22,9,,4,3357,56,49,B1,4.47,35.16,27.12,7.6,3.9,0.0,1.0,7.0,10.0
0,,2025,7,17,22,9,,5,3518,57,48,B1,4.34,39.39,24.59,7.6,3.8,0.0,1.0,6.0,11.0
0,,2025,7,17,22,9,,6,4456,36,45,A1,6.51,43.86,49.23,12.5,4.3,0.0,2.0,30.0,23.0
1,,2025,7,17,22,10,,1,4556,35,47,B2,6.08,34.85,50.0,100.0,1.0,1.0,1.0,3.0,4.0
1,,2025,7,17,22,10,,2,4530,36,45,A1,6.92,35.06,33.82,56.2,3.6,6.0,3.0,31.0,18.0
0,,2025,7,17,22,10,,3,5203,21,45,B1,4.2,33.33,28.36,15.7,2.7,0.0,3.0,6.0,13.0
0,,2025,7,17,22,10,,4,4014,45,47,A2,5.78,38.98,37.66,13.6,3.6,0.0,3.0,16.0,22.0
0,,2025,7,17,22,10,,5,4240,41,45,A1,6.14,29.85,37.5,33.3,3.0,1.0,6.0,31.0,31.0
0,,2025,7,17,22,10,,6,4627,39,47,A2,5.65,45.31,27.27,11.1,4.1,0.0,1.0,14.0,14.0
1,,2025,7,17,22,11,,1,5193,23,46,A2,6.29,43.08,35.48,69.2,2.9,7.0,2.0,19.0,21.0
1,,2025,7,17,22,11,,2,5163,25,46,A1,6.18,37.25,37.93,50.0,3.1,4.0,3.0,28.0,17.0
0,,2025,7,17,22,11,,3,4349,39,50,B1,4.91,28.24,20.37,26.6,2.8,1.0,3.0,15.0,20.0
0,,2025,7,17,22,11,,4,5281,22,47,B1,5.93,44.59,30.51,28.5,2.6,2.0,2.0,15.0,17.0
0,,2025,7,17,22,11,,5,4190,44,50,A1,6.01,34.41,43.55,35.2,2.9,4.0,2.0,31.0,20.0
0,,2025,7,17,22,11,,6,3845,48,45,A2,6.43,43.48,41.79,0.0,0.0,0.0,0.0,26.0,23.0
1,,2025,7,17,22,12,,1,4447,38,49,A2,6.23,38.82,44.62,71.4,2.9,11.0,4.0,23.0,18.0
0,,2025,7,17,22,12,,2,4225,43,46,A1,6.69,27.78,34.78,42.1,3.3,3.0,5.0,21.0,32.0
0,,2025,7,17,22,12,,3,4433,39,47,A1,6.53,29.41,44.12,52.6,3.9,2.0,8.0,27.0,23.0
0,,2025,7,17,22,12,,4,5296,23,46,B1,4.23,44.62,19.23,13.6,4.0,0.0,3.0,4.0,10.0
0,,2025,7,17,22,12,,5,4045,45,47,B1,4.69,33.82,30.51,25.0,2.9,1.0,4.0,21.0,18.0
0,,2025,7,17,22,12,,6,3579,52,48,B1,5.05,44.19,36.51,0.0,3.9,0.0,0.0,15.0,12.0
0,,2025,7,17,20,1,,1,5140,24,48,B1,4.22,35.42,12.5,27.2,3.5,2.0,1.0,7.0,10.0
0,,2025,7,17,20,1,,2,5138,25,52,B1,2.53,34.87,18.52,8.3,4.4,0.0,1.0,1.0,4.0
0,,2025,7,17,20,1,,3,4632,36,52,B1,4.58,21.09,50.0,22.2,2.9,0.0,4.0,7.0,21.0
0,,2025,7,17,20,1,,4,3950,49,56,B1,4.13,55.22,29.73,10.0,3.2,1.0,0.0,3.0,9.0
0,,2025,7,17,20,1,,5,4498,37,54,B1,4.82,35.86,37.14,28.5,3.9,4.0,0.0,20.0,13.0
0,,2025,7,17,20,1,,6,5412,19,43,B2,1.2,26.43,42.86,0.0,0.0,0.0,0.0,0.0,0.0
1,,2025,7,17,20,2,,1,4529,36,55,A2,4.95,35.46,25.0,76.4,2.3,11.0,2.0,18.0,19.0
0,,2025,7,17,20,2,,2,3277,58,52,B1,4.49,35.66,40.0,35.2,4.3,3.0,3.0,10.0,13.0
0,,2025,7,17,20,2,,3,3957,48,54,B1,5.27,32.03,53.57,27.7,3.4,1.0,4.0,9.0,18.0
0,,2025,7,17,20,2,,4,5314,24,54,B2,2.04,37.59,35.71,0.0,3.6,0.0,0.0,0.0,0.0
0,,2025,7,17,20,2,,5,4592,44,52,B1,4.81,31.03,11.54,0.0,3.6,0.0,0.0,5.0,18.0
0,,2025,7,17,20,2,,6,4004,47,52,B1,4.55,33.11,67.86,0.0,4.6,0.0,0.0,7.0,18.0
1,,2025,7,17,20,3,,1,4728,37,54,B1,4.65,28.29,9.68,76.4,2.2,12.0,1.0,20.0,8.0
0,,2025,7,17,20,3,,2,3982,47,56,B1,5.0,34.93,42.86,15.3,3.7,0.0,2.0,4.0,10.0
0,,2025,7,17,20,3,,3,4106,45,52,B1,3.66,31.43,33.33,6.6,3.7,0.0,1.0,8.0,9.0
0,,2025,7,17,20,3,,4,4731,36,52,B1,5.64,36.73,25.93,11.7,3.4,0.0,2.0,8.0,13.0
0,,2025,7,17,20,3,,5,4906,30,54,A2,5.81,28.19,39.29,31.5,3.1,1.0,5.0,21.0,23.0
0,,2025,7,17,20,3,,6,5084,26,53,A1,7.62,29.14,30.0,31.8,3.5,3.0,4.0,54.0,24.0
1,,2025,7,17,20,4,,1,4214,40,55,A2,5.41,38.51,37.93,78.9,2.2,12.0,3.0,19.0,14.0
0,,2025,7,17,20,4,,2,4943,34,55,B1,4.49,37.09,32.14,13.3,3.7,1.0,1.0,10.0,6.0
0,,2025,7,17,20,4,,3,3681,52,51,B1,5.16,25.35,27.59,16.6,3.3,0.0,2.0,8.0,8.0
0,,2025,7,17,20,4,,4,3617,52,54,B1,3.59,22.92,15.15,23.5,3.4,1.0,3.0,15.0,8.0
0,,2025,7,17,20,4,,5,3736,51,56,B1,4.49,37.09,29.63,13.0,3.9,2.0,1.0,9.0,12.0
0,,2025,7,17,20,4,,6,4220,43,56,A2,5.55,30.71,36.67,0.0,4.4,0.0,0.0,18.0,24.0
1,,2025,7,17,20,5,,1,4472,38,55,A1,6.88,25.0,37.93,87.1,2.7,23.0,4.0,43.0,41.0
0,,2025,7,17,20,5,,2,4506,37,53,A2,5.78,31.37,37.93,47.0,2.6,2.0,6.0,29.0,22.0
0,,2025,7,17,20,5,,3,5138,25,52,B1,2.53,34.87,18.52,22.2,4.4,1.0,1.0,1.0,4.0
0,,2025,7,17,20,5,,4,4570,37,55,A1,6.64,32.88,58.62,25.0,2.5,3.0,2.0,32.0,30.0
0,,2025,7,17,20,5,,5,5063,27,54,B1,4.79,45.11,41.94,0.0,4.6,0.0,0.0,11.0,7.0
0,,2025,7,17,20,5,,6,5361,18,52,B2,1.62,37.32,41.38,0.0,4.3,0.0,0.0,0.0,0.0
1,,2025,7,17,20,6,,1,5162,25,44,B2,3.78,36.49,33.33,66.6,3.0,4.0,0.0,5.0,1.0
0,,2025,7,17,20,6,,2,4994,27,45,A2,6.0,25.53,25.0,50.0,3.8,2.0,7.0,8.0,19.0
0,,2025,7,17,20,6,,3,5140,24,48,B1,4.22,35.42,12.5,7.6,3.6,0.0,1.0,7.0,10.0
0,,2025,7,17,20,6,,4,4347,40,45,A2,6.32,43.61,25.93,31.2,3.3,3.0,2.0,23.0,13.0
0,,2025,7,17,20,6,,5,5412,19,43,B2,1.2,26.43,42.86,0.0,0.0,0.0,0.0,0.0,0.0
0,,2025,7,17,20,6,,6,5314,24,54,B2,2.04,37.59,35.71,0.0,4.0,0.0,0.0,0.0,0.0
1,,2025,7,17,20,7,,1,4451,37,53,A1,6.46,45.26,34.48,83.3,2.0,16.0,9.0,28.0,32.0
0,,2025,7,17,20,7,,2,4731,36,52,B1,5.64,36.73,25.93,31.2,3.5,1.0,4.0,8.0,13.0
0,,2025,7,17,20,7,,3,3950,49,56,B1,4.13,55.22,29.73,30.0,3.6,0.0,3.0,3.0,9.0
0,,2025,7,17,20,7,,4,4004,47,52,B1,4.55,33.11,67.86,13.0,2.7,1.0,2.0,7.0,18.0
0,,2025,7,17,20,7,,5,4925,32,54,A2,5.69,33.81,32.14,29.4,2.3,1.0,4.0,19.0,22.0
0,,2025,7,17,20,7,,6,4632,36,52,B1,4.58,21.09,50.0,5.2,5.0,0.0,1.0,7.0,21.0
1,,2025,7,17,20,8,,1,4241,40,53,A2,5.36,40.0,39.29,90.0,2.9,12.0,6.0,15.0,35.0
1,,2025,7,17,20,8,,2,5084,26,53,A1,7.62,29.14,30.0,55.0,3.5,4.0,7.0,54.0,24.0
0,,2025,7,17,20,8,,3,4592,44,52,B1,4.81,31.03,11.54,10.5,2.6,0.0,2.0,5.0,18.0
0,,2025,7,17,20,8,,4,3681,52,51,B1,5.16,25.35,27.59,27.2,3.5,2.0,1.0,8.0,8.0
0,,2025,7,17,20,8,,5,3277,58,52,B1,4.49,35.66,40.0,0.0,3.5,0.0,0.0,10.0,13.0
0,,2025,7,17,20,8,,6,3617,52,54,B1,3.59,22.92,15.15,0.0,4.7,0.0,0.0,15.0,8.0
1,,2025,7,17,20,9,,1,4906,30,54,A2,5.81,28.19,39.29,82.3,3.1,10.0,4.0,21.0,23.0
0,,2025,7,17,20,9,,2,5063,27,54,B1,4.79,45.11,41.94,17.6,3.7,2.0,1.0,11.0,7.0
0,,2025,7,17,20,9,,3,4498,37,54,B1,4.82,35.86,37.14,50.0,3.9,4.0,5.0,20.0,13.0
0,,2025,7,17,20,9,,4,4529,36,55,A2,4.95,35.46,25.0,40.0,2.7,1.0,5.0,18.0,19.0
0,,2025,7,17,20,9,,5,3982,47,56,B1,5.0,34.93,42.86,7.6,3.8,0.0,1.0,4.0,10.0
0,,2025,7,17,20,9,,6,4551,36,54,A2,5.41,21.83,22.58,5.8,3.7,0.0,1.0,20.0,23.0
1,,2025,7,17,20,10,,1,4220,43,56,A2,5.55,30.71,36.67,68.4,2.8,8.0,5.0,18.0,24.0
0,,2025,7,17,20,10,,2,3736,51,56,B1,4.49,37.09,29.63,30.0,4.6,0.0,6.0,9.0,12.0
1,,2025,7,17,20,10,,3,4570,37,55,A1,6.64,32.88,58.62,61.1,2.3,3.0,8.0,32.0,30.0
0,,2025,7,17,20,10,,4,4472,38,55,A1,6.88,25.0,37.93,44.4,2.7,3.0,5.0,43.0,41.0
0,,2025,7,17,20,10,,5,4994,27,45,A2,6.0,25.53,25.0,14.2,3.7,0.0,2.0,8.0,19.0
0,,2025,7,17,20,10,,6,4728,37,54,B1,4.65,28.29,9.68,0.0,4.8,0.0,0.0,20.0,8.0
1,,2025,7,17,20,11,,1,4925,32,54,A2,5.69,33.81,32.14,62.5,2.9,8.0,2.0,19.0,22.0
1,,2025,7,17,20,11,,2,4347,40,45,A2,6.32,43.61,25.93,75.0,3.8,3.0,6.0,23.0,13.0
0,,2025,7,17,20,11,,3,4506,37,53,A2,5.78,31.37,37.93,48.0,1.8,5.0,7.0,29.0,22.0
0,,2025,7,17,20,11,,4,4106,45,52,B1,3.66,31.43,33.33,21.0,3.6,2.0,2.0,8.0,9.0
0,,2025,7,17,20,11,,5,4214,40,55,A2,5.41,38.51,37.93,13.3,3.3,1.0,1.0,19.0,14.0
0,,2025,7,17,20,11,,6,4451,37,53,A1,6.46,45.26,34.48,18.7,4.1,1.0,2.0,28.0,32.0
1,,2025,7,17,20,12,,1,3783,49,54,A1,7.02,39.73,31.03,95.4,3.6,18.0,3.0,23.0,21.0
0,,2025,7,17,20,12,,2,4361,40,53,A1,6.92,36.73,32.14,42.1,3.0,2.0,6.0,23.0,32.0
1,,2025,7,17,20,12,,3,4826,31,53,A1,6.98,46.62,36.67,50.0,2.3,9.0,6.0,62.0,17.0
0,,2025,7,17,20,12,,4,4208,42,48,A1,6.84,29.08,16.67,50.0,3.2,4.0,5.0,39.0,25.0
0,,2025,7,17,20,12,,5,4834,37,50,B1,5.11,26.21,33.33,6.4,3.4,1.0,1.0,19.0,21.0
0,,2025,7,17,20,12,,6,4082,45,52,B1,5.08,34.93,35.71,7.6,3.8,1.0,0.0,9.0,16.0
1,,2025,7,17,19,1,,1,4890,36,53,B1,5.03,36.62,34.85,94.1,2.7,13.0,3.0,14.0,21.0
0,,2025,7,17,19,1,,2,4143,44,57,B1,4.55,26.15,40.32,52.9,3.1,3.0,6.0,13.0,14.0
0,,2025,7,17,19,1,,3,4005,47,55,B1,2.97,26.23,26.67,7.1,3.0,1.0,0.0,5.0,3.0
0,,2025,7,17,19,1,,4,4813,35,52,B1,4.08,59.32,33.87,21.4,3.6,2.0,1.0,11.0,20.0
0,,2025,7,17,19,1,,5,3807,50,51,B1,4.7,36.23,44.44,22.2,3.9,2.0,2.0,15.0,6.0
0,,2025,7,17,19,1,,6,4121,43,52,A2,5.94,36.36,32.69,13.0,2.9,2.0,1.0,35.0,30.0
1,,2025,7,17,19,2,,1,4425,39,55,B1,4.74,35.0,25.0,64.2,3.7,5.0,4.0,13.0,18.0
0,,2025,7,17,19,2,,2,4981,28,52,B1,5.83,31.34,35.94,57.1,3.7,4.0,4.0,15.0,12.0
0,,2025,7,17,19,2,,3,3805,51,53,B1,5.59,36.07,11.29,21.0,1.8,0.0,4.0,12.0,25.0
0,,2025,7,17,19,2,,4,5143,24,53,B1,4.81,20.0,32.31,11.1,3.7,0.0,1.0,8.0,8.0
0,,2025,7,17,19,2,,5,4367,39,51,B1,4.63,45.0,49.18,23.5,4.2,0.0,4.0,9.0,15.0
0,,2025,7,17,19,2,,6,3467,56,54,B1,3.65,25.0,33.85,0.0,3.1,0.0,0.0,6.0,9.0
1,,2025,7,17,19,3,,1,3315,59,53,B1,5.26,39.66,28.07,57.1,3.3,6.0,2.0,11.0,17.0
0,,2025,7,17,19,3,,2,5066,26,53,B1,5.49,28.13,29.03,42.1,3.4,3.0,5.0,18.0,21.0
0,,2025,7,17,19,3,,3,3928,49,60,B1,3.86,34.43,22.81,20.0,3.2,3.0,1.0,14.0,5.0
0,,2025,7,17,19,3,,4,5218,25,46,A2,5.73,25.37,43.08,15.3,2.8,1.0,3.0,27.0,24.0
0,,2025,7,17,19,3,,5,5397,23,47,B2,1.06,30.77,40.32,0.0,0.0,0.0,0.0,0.0,0.0
0,,2025,7,17,19,3,,6,4734,35,52,A1,6.84,36.92,24.62,11.7,4.3,2.0,0.0,40.0,25.0
1,,2025,7,17,19,4,,1,3574,52,53,A2,5.92,28.79,28.57,78.2,3.0,12.0,6.0,23.0,17.0
0,,2025,7,17,19,4,,2,4853,30,45,B1,4.48,38.81,37.5,46.1,3.3,4.0,8.0,10.0,21.0
0,,2025,7,17,19,4,,3,4251,42,52,B1,4.43,37.88,46.77,22.7,3.7,2.0,3.0,15.0,12.0
0,,2025,7,17,19,4,,4,5259,32,57,B1,2.87,48.33,46.77,14.2,3.7,1.0,2.0,3.0,3.0
0,,2025,7,17,19,4,,5,3554,52,52,A1,6.28,30.3,40.63,16.6,3.0,0.0,1.0,38.0,30.0
0,,2025,7,17,19,4,,6,5367,23,49,B2,1.31,51.56,34.85,0.0,3.9,0.0,0.0,0.0,0.0
1,,2025,7,17,19,5,,1,4335,41,54,A1,6.94,43.94,31.25,80.0,2.2,19.0,5.0,33.0,21.0
0,,2025,7,17,19,5,,2,5146,22,51,B1,4.65,35.71,42.19,29.1,3.5,3.0,4.0,14.0,20.0
0,,2025,7,17,19,5,,3,3831,51,53,B1,4.72,50.0,21.31,15.3,3.5,1.0,1.0,9.0,12.0
0,,2025,7,17,19,5,,4,4899,33,52,B1,4.72,24.14,45.31,16.6,4.5,3.0,1.0,15.0,11.0
0,,2025,7,17,19,5,,5,4302,42,53,A1,6.03,21.74,34.92,16.6,3.4,1.0,2.0,24.0,28.0
0,,2025,7,17,19,5,,6,4596,42,54,A1,6.42,21.43,30.77,22.7,3.9,1.0,4.0,33.0,31.0
1,,2025,7,17,19,6,,1,3939,47,54,A2,6.23,27.69,46.77,85.7,2.5,14.0,4.0,22.0,18.0
0,,2025,7,17,19,6,,2,4367,39,51,B1,4.63,45.0,49.18,40.0,3.8,1.0,3.0,9.0,15.0
0,,2025,7,17,19,6,,3,4009,46,58,A2,5.67,24.62,18.33,30.0,2.2,1.0,5.0,21.0,15.0
0,,2025,7,17,19,6,,4,5087,25,53,A1,5.81,38.33,28.79,50.0,3.3,7.0,7.0,34.0,23.0
0,,2025,7,17,19,6,,5,4005,47,55,B1,2.97,26.23,26.67,0.0,4.1,0.0,0.0,5.0,3.0
0,,2025,7,17,19,6,,6,3434,56,53,B1,4.67,28.07,39.06,0.0,3.8,0.0,0.0,10.0,10.0
1,,2025,7,17,19,7,,1,4674,37,52,A2,5.39,32.86,30.65,70.0,2.6,11.0,3.0,20.0,23.0
0,,2025,7,17,19,7,,2,3863,51,58,B1,4.93,29.31,27.69,40.0,3.4,2.0,6.0,13.0,20.0
0,,2025,7,17,19,7,,3,3952,48,53,A1,6.96,32.26,22.58,47.6,2.7,5.0,5.0,39.0,18.0
0,,2025,7,17,19,7,,4,4951,31,53,A2,5.15,41.43,31.15,31.2,2.6,1.0,4.0,12.0,15.0
0,,2025,7,17,19,7,,5,4890,36,53,B1,5.03,36.62,34.85,21.0,2.6,0.0,4.0,14.0,21.0
0,,2025,7,17,19,7,,6,5373,22,48,B2,1.76,41.67,34.92,0.0,4.4,0.0,0.0,0.0,0.0
1,,2025,7,17,19,8,,1,5015,27,52,A1,6.77,16.13,20.34,88.8,2.5,12.0,4.0,24.0,29.0
0,,2025,7,17,19,8,,2,3807,50,51,B1,4.7,36.23,44.44,4.5,3.7,0.0,1.0,15.0,6.0
0,,2025,7,17,19,8,,3,3315,59,53,B1,5.26,39.66,28.07,18.7,2.9,1.0,2.0,11.0,17.0
0,,2025,7,17,19,8,,4,4981,28,52,B1,5.83,31.34,35.94,8.3,3.8,0.0,1.0,15.0,12.0
0,,2025,7,17,19,8,,5,4693,41,54,B1,4.58,34.48,26.92,20.0,4.1,2.0,3.0,12.0,15.0
0,,2025,7,17,19,8,,6,4251,42,52,B1,4.43,37.88,46.77,0.0,5.3,0.0,0.0,15.0,12.0
1,,2025,7,17,19,9,,1,3611,52,48,A2,6.35,22.06,32.2,80.9,2.4,11.0,6.0,22.0,28.0
0,,2025,7,17,19,9,,2,5189,24,44,B1,4.78,20.0,36.51,35.7,4.7,1.0,4.0,3.0,11.0
0,,2025,7,17,19,9,,3,5146,22,51,B1,4.65,35.71,42.19,15.0,3.2,0.0,3.0,14.0,20.0
0,,2025,7,17,19,9,,4,5291,24,51,B1,3.05,36.21,33.87,9.0,4.7,0.0,2.0,1.0,3.0
0,,2025,7,17,19,9,,5,4853,30,45,B1,4.48,38.81,37.5,10.0,4.3,0.0,2.0,10.0,21.0
0,,2025,7,17,19,9,,6,5397,23,47,B2,1.06,30.77,40.32,0.0,0.0,0.0,0.0,0.0,0.0
1,,2025,7,17,19,10,,1,5087,25,53,A1,5.81,38.33,28.79,88.2,3.1,12.0,3.0,34.0,23.0
1,,2025,7,17,19,10,,2,4596,42,54,A1,6.42,21.43,30.77,61.5,3.3,7.0,9.0,33.0,31.0
0,,2025,7,17,19,10,,3,3574,52,53,A2,5.92,28.79,28.57,21.7,3.0,4.0,1.0,23.0,17.0
0,,2025,7,17,19,10,,4,4143,44,57,B1,4.55,26.15,40.32,26.6,3.1,3.0,1.0,13.0,14.0
0,,2025,7,17,19,10,,5,4425,39,55,B1,4.74,35.0,25.0,15.0,3.1,2.0,1.0,13.0,18.0
0,,2025,7,17,19,10,,6,5218,25,46,A2,5.73,25.37,43.08,5.8,4.3,0.0,1.0,27.0,24.0
1,,2025,7,17,19,11,,1,4302,42,53,A1,6.03,21.74,34.92,82.1,3.1,15.0,8.0,24.0,28.0
0,,2025,7,17,19,11,,2,3805,51,53,B1,5.59,36.07,11.29,41.1,2.5,2.0,5.0,12.0,25.0
0,,2025,7,17,19,11,,3,3939,47,54,A2,6.23,27.69,46.77,23.0,2.9,1.0,2.0,22.0,18.0
0,,2025,7,17,19,11,,4,4121,43,52,A2,5.94,36.36,32.69,45.8,2.5,3.0,8.0,35.0,30.0
0,,2025,7,17,19,11,,5,5066,26,53,B1,5.49,28.13,29.03,35.0,3.4,2.0,5.0,18.0,21.0
0,,2025,7,17,19,11,,6,4951,31,53,A2,5.15,41.43,31.15,9.0,3.6,1.0,0.0,12.0,15.0
1,,2025,7,17,19,12,,1,3952,48,53,A1,6.96,32.26,22.58,86.9,2.2,17.0,3.0,39.0,18.0
0,,2025,7,17,19,12,,2,3554,52,52,A1,6.28,30.3,40.63,51.7,3.6,7.0,8.0,38.0,30.0
0,,2025,7,17,19,12,,3,4335,41,54,A1,6.94,43.94,31.25,35.0,2.0,5.0,2.0,33.0,21.0
0,,2025,7,17,19,12,,4,4734,35,52,A1,6.84,36.92,24.62,35.4,3.0,4.0,7.0,40.0,25.0
0,,2025,7,17,19,12,,5,5015,27,52,A1,6.77,16.13,20.34,46.6,3.2,2.0,5.0,24.0,29.0
0,,2025,7,17,19,12,,6,4009,46,58,A2,5.67,24.62,18.33,0.0,2.3,0.0,0.0,21.0,15.0
1,,2025,7,17,18,1,,1,3349,57,52,A2,5.99,17.54,35.15,81.8,3.0,13.0,5.0,20.0,19.0
0,,2025,7,17,18,1,,2,3839,49,61,B1,4.97,17.65,36.59,30.7,3.6,1.0,3.0,3.0,9.0
0,,2025,7,17,18,1,,3,5277,23,47,B1,5.24,31.11,28.48,20.0,2.6,2.0,3.0,11.0,21.0
0,,2025,7,17,18,1,,4,5003,29,53,B1,3.99,24.32,38.13,20.0,3.4,2.0,2.0,11.0,16.0
0,,2025,7,17,18,1,,5,3741,51,56,B1,3.67,53.33,37.42,18.7,4.3,0.0,3.0,8.0,14.0
0,,2025,7,17,18,1,,6,5315,24,48,B1,2.71,29.09,30.13,9.5,3.4,1.0,1.0,7.0,4.0
1,,2025,7,17,18,2,,1,4509,36,53,A1,6.01,16.67,25.95,88.4,2.7,17.0,6.0,28.0,30.0
0,,2025,7,17,18,2,,2,3587,52,60,B1,4.66,39.47,41.88,28.5,3.4,1.0,3.0,7.0,11.0
0,,2025,7,17,18,2,,3,4286,41,48,A2,5.64,18.0,29.63,22.7,2.5,3.0,2.0,24.0,14.0
0,,2025,7,17,18,2,,4,3661,55,58,A2,5.0,37.5,33.54,36.3,3.4,1.0,7.0,12.0,25.0
0,,2025,7,17,18,2,,5,5230,21,44,B2,4.07,19.23,29.88,0.0,2.6,0.0,0.0,3.0,4.0
0,,2025,7,17,18,2,,6,5173,23,47,B1,4.96,16.67,34.76,0.0,3.4,0.0,0.0,10.0,8.0
1,,2025,7,17,18,3,,1,4566,37,54,A1,7.15,45.65,36.65,85.2,3.1,24.0,5.0,42.0,31.0
0,,2025,7,17,18,3,,2,3484,53,54,A2,8.5,44.68,33.13,37.5,3.3,1.0,2.0,18.0,19.0
0,,2025,7,17,18,3,,3,3977,48,52,B1,4.29,45.61,34.34,22.2,2.7,1.0,3.0,10.0,16.0
0,,2025,7,17,18,3,,4,5071,30,51,B1,4.58,63.27,29.19,28.5,3.0,1.0,3.0,18.0,7.0
0,,2025,7,17,18,3,,5,5241,25,49,B1,4.61,23.64,31.25,15.0,2.6,2.0,1.0,20.0,19.0
0,,2025,7,17,18,3,,6,5106,26,52,B1,4.28,46.55,34.15,5.2,5.1,0.0,1.0,11.0,10.0
1,,2025,7,17,18,4,,1,3333,57,53,A2,5.55,36.21,31.29,84.2,3.1,11.0,5.0,22.0,19.0
0,,2025,7,17,18,4,,2,3175,61,49,B1,4.43,56.52,32.3,40.0,3.3,3.0,5.0,12.0,19.0
0,,2025,7,17,18,4,,3,3907,47,55,B1,5.46,38.78,36.42,21.0,3.0,0.0,4.0,21.0,21.0
0,,2025,7,17,18,4,,4,4270,43,63,B1,4.23,21.74,36.42,7.1,3.7,1.0,0.0,7.0,16.0
0,,2025,7,17,18,4,,5,3662,55,57,A2,5.34,41.67,39.39,5.5,2.8,1.0,0.0,29.0,21.0
0,,2025,7,17,18,4,,6,4446,38,54,A1,6.3,13.73,30.86,10.5,3.6,0.0,2.0,37.0,29.0
0,,2025,7,17,18,5,,1,5277,23,47,B1,5.24,31.11,28.48,42.8,3.4,4.0,2.0,11.0,21.0
0,,2025,7,17,18,5,,2,3233,58,54,B1,4.85,32.73,33.95,4.7,3.1,0.0,1.0,6.0,13.0
0,,2025,7,17,18,5,,3,4623,40,53,B1,4.45,53.19,30.06,21.7,2.5,1.0,4.0,12.0,18.0
0,,2025,7,17,18,5,,4,4409,39,56,A2,6.39,23.68,22.98,50.0,2.9,3.0,8.0,35.0,28.0
0,,2025,7,17,18,5,,5,3784,48,54,B1,4.66,18.87,31.68,7.6,3.2,1.0,0.0,7.0,13.0
0,,2025,7,17,18,5,,6,4055,47,52,A2,5.85,48.94,30.43,8.3,3.9,0.0,1.0,30.0,19.0
0,,2025,7,17,18,6,,1,5230,21,44,B2,4.07,19.23,29.88,40.0,2.0,2.0,0.0,3.0,4.0
1,,2025,7,17,18,6,,2,4015,45,58,A2,6.68,40.0,28.66,58.3,2.4,3.0,4.0,16.0,16.0
0,,2025,7,17,18,6,,3,3690,54,52,B1,4.63,32.73,40.63,50.0,3.3,6.0,6.0,21.0,22.0
0,,2025,7,17,18,6,,4,4314,41,51,A2,5.62,40.0,29.09,40.0,2.0,5.0,3.0,17.0,15.0
0,,2025,7,17,18,6,,5,5003,29,53,B1,3.99,24.32,38.13,22.2,3.2,0.0,4.0,11.0,16.0
0,,2025,7,17,18,6,,6,3983,47,52,A1,6.57,34.88,36.49,6.6,4.1,0.0,1.0,26.0,24.0
1,,2025,7,17,18,7,,1,5241,25,49,B1,4.61,23.64,31.25,76.1,2.7,12.0,4.0,20.0,19.0
0,,2025,7,17,18,7,,2,3741,51,56,B1,3.67,53.33,37.42,15.0,4.1,0.0,3.0,8.0,14.0
0,,2025,7,17,18,7,,3,4950,32,52,B1,5.06,23.81,23.9,31.5,3.5,2.0,4.0,18.0,15.0
0,,2025,7,17,18,7,,4,3563,55,54,B1,5.53,16.33,32.12,25.0,3.7,0.0,7.0,22.0,24.0
0,,2025,7,17,18,7,,5,5173,23,47,B1,4.96,16.67,34.76,18.1,2.7,0.0,2.0,10.0,8.0
0,,2025,7,17,18,7,,6,5071,30,51,B1,4.58,63.27,29.19,5.5,3.1,0.0,1.0,18.0,7.0
0,,2025,7,17,18,8,,1,5315,24,48,B1,2.71,29.09,30.13,25.0,3.5,1.0,2.0,7.0,4.0
0,,2025,7,17,18,8,,2,3662,55,57,A2,5.34,41.67,39.39,42.1,3.9,4.0,4.0,29.0,21.0
0,,2025,7,17,18,8,,3,3839,49,61,B1,4.97,17.65,36.59,40.0,2.3,0.0,4.0,3.0,9.0
0,,2025,7,17,18,8,,4,4286,41,48,A2,5.64,18.0,29.63,23.8,2.8,2.0,3.0,24.0,14.0
0,,2025,7,17,18,8,,5,4270,43,63,B1,4.23,21.74,36.42,5.2,3.5,0.0,1.0,7.0,16.0
0,,2025,7,17,18,8,,6,3327,57,52,A1,6.02,31.58,33.54,0.0,5.0,0.0,0.0,19.0,27.0
1,,2025,7,17,18,9,,1,4409,39,56,A2,6.39,23.68,22.98,90.0,2.6,23.0,4.0,35.0,28.0
0,,2025,7,17,18,9,,2,3784,48,54,B1,4.66,18.87,31.68,7.1,3.6,0.0,1.0,7.0,13.0
0,,2025,7,17,18,9,,3,3661,55,58,A2,5.0,37.5,33.54,22.7,3.6,2.0,3.0,12.0,25.0
0,,2025,7,17,18,9,,4,5106,26,52,B1,4.28,46.55,34.15,5.8,5.1,1.0,0.0,11.0,10.0
0,,2025,7,17,18,9,,5,3484,53,54,A2,8.5,44.68,33.13,16.6,3.6,0.0,2.0,18.0,19.0
0,,2025,7,17,18,9,,6,5165,25,46,B1,5.07,58.97,27.67,0.0,4.5,0.0,0.0,5.0,15.0
1,,2025,7,17,18,10,,1,4055,47,52,A2,5.85,48.94,30.43,76.0,3.0,14.0,5.0,30.0,19.0
0,,2025,7,17,18,10,,2,3907,47,55,B1,5.46,38.78,36.42,31.8,3.1,1.0,6.0,21.0,21.0
0,,2025,7,17,18,10,,3,4314,41,51,A2,5.62,40.0,29.09,35.7,2.4,3.0,2.0,17.0,15.0
0,,2025,7,17,18,10,,4,3983,47,52,A1,6.57,34.88,36.49,36.8,3.0,3.0,4.0,26.0,24.0
0,,2025,7,17,18,10,,5,4509,36,53,A1,6.01,16.67,25.95,25.0,3.7,2.0,3.0,28.0,30.0
0,,2025,7,17,18,10,,6,3349,57,52,A2,5.99,17.54,35.15,0.0,3.4,0.0,0.0,20.0,19.0
1,,2025,7,17,18,11,,1,4446,38,54,A1,6.3,13.73,30.86,85.1,2.4,18.0,5.0,37.0,29.0
0,,2025,7,17,18,11,,2,4623,40,53,B1,4.45,53.19,30.06,24.0,3.4,1.0,5.0,12.0,18.0
0,,2025,7,17,18,11,,3,3563,55,54,B1,5.53,16.33,32.12,21.2,3.0,3.0,4.0,22.0,24.0
1,,2025,7,17,18,11,,4,4566,37,54,A1,7.15,45.65,36.65,55.5,2.5,6.0,4.0,42.0,31.0
0,,2025,7,17,18,11,,5,4015,45,58,A2,6.68,40.0,28.66,0.0,2.8,0.0,0.0,16.0,16.0
0,,2025,7,17,18,11,,6,3333,57,53,A2,5.55,36.21,31.29,27.2,4.2,1.0,2.0,22.0,19.0
1,,2025,7,17,18,12,,1,4044,45,52,A1,7.15,46.67,33.13,76.0,2.7,14.0,5.0,25.0,37.0
0,,2025,7,17,18,12,,2,5026,29,55,A1,6.52,18.6,34.36,37.5,3.2,3.0,3.0,36.0,22.0
1,,2025,7,17,18,12,,3,4713,34,54,A1,6.65,50.0,33.13,53.3,2.2,5.0,3.0,36.0,24.0
0,,2025,7,17,18,12,,4,3478,54,52,B1,5.01,43.75,44.51,18.7,3.8,1.0,2.0,12.0,11.0
0,,2025,7,17,18,12,,5,3909,51,57,A2,6.75,37.5,36.65,43.4,2.0,2.0,8.0,34.0,25.0
0,,2025,7,17,18,12,,6,4704,37,52,A1,6.3,35.42,38.41,10.5,4.1,0.0,2.0,33.0,36.0
1,,2025,7,17,17,1,,1,4411,39,55,A2,5.72,35.43,26.36,84.2,3.1,12.0,4.0,22.0,25.0
0,,2025,7,17,17,1,,2,3430,57,55,B1,3.99,34.46,39.78,26.3,4.0,2.0,3.0,7.0,10.0
0,,2025,7,17,17,1,,3,4092,44,53,B1,5.5,36.78,28.5,34.7,2.7,2.0,6.0,22.0,24.0
0,,2025,7,17,17,1,,4,4803,31,63,B1,3.82,37.36,31.38,11.1,3.3,0.0,2.0,5.0,12.0
0,,2025,7,17,17,1,,5,3853,52,57,A2,5.68,30.95,46.54,5.8,4.4,0.0,1.0,26.0,25.0
0,,2025,7,17,17,1,,6,4979,29,52,B1,4.71,41.88,27.04,0.0,4.4,0.0,0.0,2.0,15.0
1,,2025,7,17,17,2,,1,4784,37,50,B1,4.44,36.76,41.94,78.5,3.3,6.0,5.0,6.0,21.0
0,,2025,7,17,17,2,,2,3355,56,42,B2,3.78,32.77,41.42,0.0,5.5,0.0,0.0,0.0,0.0
0,,2025,7,17,17,2,,3,4844,32,49,B1,4.33,34.24,29.32,28.5,3.4,1.0,5.0,8.0,15.0
0,,2025,7,17,17,2,,4,5334,21,45,B1,2.69,33.15,36.7,6.6,4.2,0.0,2.0,2.0,2.0
0,,2025,7,17,17,2,,5,5295,23,46,B1,2.88,35.71,31.25,0.0,4.2,0.0,0.0,1.0,2.0
0,,2025,7,17,17,2,,6,3207,59,54,B2,3.87,34.5,32.34,0.0,4.6,0.0,0.0,1.0,4.0
1,,2025,7,17,17,3,,1,3710,51,53,B1,5.4,28.08,25.93,60.0,2.4,6.0,3.0,10.0,23.0
0,,2025,7,17,17,3,,2,4053,47,56,A2,5.98,38.71,34.1,40.0,3.5,0.0,6.0,19.0,20.0
0,,2025,7,17,17,3,,3,4515,39,54,A2,5.52,32.97,22.22,45.0,2.8,3.0,6.0,22.0,25.0
1,,2025,7,17,17,3,,4,4398,38,52,A1,5.85,34.42,33.95,61.9,2.6,2.0,11.0,29.0,24.0
0,,2025,7,17,17,3,,5,5311,27,52,B1,3.7,39.55,29.55,0.0,3.6,0.0,0.0,2.0,4.0
0,,2025,7,17,17,3,,6,4103,46,53,B1,4.22,35.09,26.35,0.0,5.6,0.0,0.0,6.0,14.0
1,,2025,7,17,17,4,,1,4963,28,46,A1,6.77,45.6,30.95,80.0,2.6,16.0,4.0,33.0,28.0
0,,2025,7,17,17,4,,2,4775,31,47,B1,5.08,32.75,27.21,0.0,3.5,0.0,0.0,7.0,5.0
0,,2025,7,17,17,4,,3,4224,43,51,B1,5.04,42.2,33.93,23.0,4.1,1.0,2.0,17.0,13.0
0,,2025,7,17,17,4,,4,3509,53,52,B1,4.34,35.91,25.51,20.0,2.1,1.0,1.0,7.0,8.0
0,,2025,7,17,17,4,,5,4720,31,47,B1,5.47,31.01,31.18,5.5,3.2,0.0,1.0,13.0,12.0
0,,2025,7,17,17,4,,6,3435,56,45,A1,6.66,37.93,33.72,14.2,3.4,0.0,3.0,37.0,31.0
0,,2025,7,17,17,5,,1,4837,36,51,B1,4.06,33.33,37.31,42.8,2.7,2.0,1.0,3.0,14.0
1,,2025,7,17,17,5,,2,5125,28,52,A1,5.89,37.43,32.98,78.5,3.1,5.0,6.0,22.0,22.0
0,,2025,7,17,17,5,,3,4939,27,52,A1,7.37,35.59,35.71,46.6,2.8,2.0,5.0,39.0,21.0
0,,2025,7,17,17,5,,4,4666,41,53,B1,3.98,34.83,31.79,19.0,3.0,3.0,1.0,11.0,14.0
0,,2025,7,17,17,5,,5,4411,39,55,A2,5.72,35.43,26.36,12.1,3.2,2.0,2.0,22.0,25.0
0,,2025,7,17,17,5,,6,3684,51,52,A2,6.05,33.13,29.87,0.0,5.3,0.0,0.0,29.0,30.0
1,,2025,7,17,17,6,,1,4011,45,46,B1,6.01,35.64,32.64,68.1,2.9,11.0,4.0,19.0,27.0
0,,2025,7,17,17,6,,2,4938,27,48,A2,6.4,31.41,40.1,40.0,3.7,4.0,2.0,21.0,19.0
0,,2025,7,17,17,6,,3,4510,36,48,B2,2.25,36.81,20.18,0.0,0.0,0.0,0.0,0.0,0.0
0,,2025,7,17,17,6,,4,3470,55,47,B1,4.75,35.67,33.15,0.0,3.9,0.0,0.0,4.0,6.0
0,,2025,7,17,17,6,,5,5362,18,50,B2,1.62,33.7,38.8,0.0,4.1,0.0,0.0,0.0,1.0
0,,2025,7,17,17,6,,6,3999,45,46,A1,6.69,34.12,35.79,0.0,4.5,0.0,0.0,26.0,22.0
1,,2025,7,17,17,7,,1,3430,57,55,B1,3.99,34.46,39.78,66.6,3.0,4.0,4.0,7.0,10.0
0,,2025,7,17,17,7,,2,4465,38,53,B1,3.93,38.73,38.98,33.3,2.9,1.0,4.0,8.0,13.0
0,,2025,7,17,17,7,,3,3998,46,51,B1,4.44,29.45,32.99,37.0,2.9,3.0,7.0,10.0,24.0
0,,2025,7,17,17,7,,4,5311,27,52,B1,3.7,39.55,29.55,10.0,3.6,2.0,0.0,2.0,4.0
0,,2025,7,17,17,7,,5,3710,51,53,B1,5.4,28.08,25.93,22.2,4.2,1.0,3.0,10.0,23.0
0,,2025,7,17,17,7,,6,3804,51,54,B1,4.04,43.43,31.47,0.0,4.7,0.0,0.0,9.0,10.0
0,,2025,7,17,17,8,,1,5295,23,46,B1,2.88,35.71,31.25,28.5,5.3,0.0,2.0,1.0,2.0
0,,2025,7,17,17,8,,2,4408,39,47,B2,3.85,38.42,41.49,33.3,3.5,1.0,1.0,2.0,3.0
1,,2025,7,17,17,8,,3,4963,28,46,A1,6.77,45.6,30.95,64.7,3.3,4.0,7.0,33.0,28.0
0,,2025,7,17,17,8,,4,4720,31,47,B1,5.47,31.01,31.18,25.0,3.2,2.0,1.0,13.0,12.0
0,,2025,7,17,17,8,,5,3334,56,45,B1,5.37,37.22,35.45,18.1,4.0,1.0,3.0,16.0,19.0
0,,2025,7,17,17,8,,6,5326,21,48,B1,2.39,35.59,38.54,0.0,4.4,0.0,0.0,1.0,1.0
1,,2025,7,17,17,9,,1,3853,52,57,A2,5.68,30.95,46.54,85.7,3.4,19.0,5.0,26.0,25.0
0,,2025,7,17,17,9,,2,4103,46,53,B1,4.22,35.09,26.35,25.0,4.6,1.0,3.0,6.0,14.0
0,,2025,7,17,17,9,,3,4803,31,63,B1,3.82,37.36,31.38,19.0,3.0,0.0,4.0,5.0,12.0
0,,2025,7,17,17,9,,4,5222,24,52,A2,5.54,34.46,39.33,30.0,3.3,2.0,4.0,19.0,20.0
0,,2025,7,17,17,9,,5,4837,36,51,B1,4.06,33.33,37.31,27.2,3.8,0.0,3.0,3.0,14.0
0,,2025,7,17,17,9,,6,4515,39,54,A2,5.52,32.97,22.22,0.0,5.5,0.0,0.0,22.0,25.0
1,,2025,7,17,17,10,,1,3509,53,52,B1,4.34,35.91,25.51,66.6,1.8,5.0,1.0,7.0,8.0
0,,2025,7,17,17,10,,2,5088,25,43,A1,6.94,31.32,44.24,50.0,2.8,7.0,1.0,45.0,17.0
0,,2025,7,17,17,10,,3,3355,56,42,B2,3.78,32.77,41.42,0.0,5.0,0.0,0.0,0.0,0.0
0,,2025,7,17,17,10,,4,5362,18,50,B2,1.62,33.7,38.8,0.0,0.0,0.0,0.0,0.0,1.0
0,,2025,7,17,17,10,,5,4938,27,48,A2,6.4,31.41,40.1,11.7,4.3,0.0,2.0,21.0,19.0
0,,2025,7,17,17,10,,6,4844,32,49,B1,4.33,34.24,29.32,0.0,4.8,0.0,0.0,8.0,15.0
1,,2025,7,17,17,11,,1,3618,51,44,A2,5.92,34.73,35.94,70.5,2.9,17.0,7.0,29.0,27.0
0,,2025,7,17,17,11,,2,3470,55,47,B1,4.75,35.67,33.15,27.2,3.2,1.0,2.0,4.0,6.0
0,,2025,7,17,17,11,,3,4443,38,49,B1,5.41,39.53,25.53,31.5,4.2,0.0,6.0,9.0,19.0
0,,2025,7,17,17,11,,4,3435,56,45,A1,6.66,37.93,33.72,33.3,2.8,3.0,5.0,37.0,31.0
0,,2025,7,17,17,11,,5,4784,37,50,B1,4.44,36.76,41.94,11.7,4.1,0.0,2.0,6.0,21.0
0,,2025,7,17,17,11,,6,4224,43,51,B1,5.04,42.2,33.93,0.0,3.8,0.0,0.0,17.0,13.0
1,,2025,7,17,17,12,,1,4398,38,52,A1,5.85,34.42,33.95,86.3,2.7,15.0,4.0,29.0,24.0
1,,2025,7,17,17,12,,2,3679,52,52,A1,6.8,37.64,34.74,58.3,3.3,4.0,10.0,35.0,30.0
0,,2025,7,17,17,12,,3,4136,44,53,A1,6.51,35.39,27.78,33.3,3.2,3.0,1.0,27.0,22.0
0,,2025,7,17,17,12,,4,4776,31,53,A1,6.86,33.71,34.03,33.3,3.8,2.0,4.0,25.0,25.0
0,,2025,7,17,17,12,,5,4939,27,52,A1,7.37,35.59,35.71,38.1,3.4,4.0,4.0,39.0,21.0
0,,2025,7,17,17,12,,6,5125,28,52,A1,5.89,37.43,32.98,5.8,4.1,0.0,1.0,22.0,22.0
0,,2025,7,17,13,1,,1,4145,43,55,B1,3.51,42.55,27.27,26.6,5.2,2.0,2.0,2.0,9.0
0,,2025,7,17,13,1,,2,3722,55,52,B1,4.05,50.0,43.37,26.6,3.9,0.0,4.0,4.0,13.0
1,,2025,7,17,13,1,,3,4953,30,54,A1,6.52,46.24,26.97,58.6,3.7,8.0,9.0,47.0,29.0
0,,2025,7,17,13,1,,4,3615,52,51,B1,4.68,34.41,39.08,26.3,3.2,4.0,1.0,13.0,15.0
0,,2025,7,17,13,1,,5,5375,21,55,B2,1.22,34.74,39.02,0.0,0.0,0.0,0.0,0.0,0.0
0,,2025,7,17,13,1,,6,4404,40,53,B1,4.33,38.54,42.35,0.0,4.4,0.0,0.0,12.0,23.0
1,,2025,7,17,13,2,,1,3072,63,52,B1,4.52,31.91,33.72,56.2,2.6,8.0,1.0,10.0,15.0
0,,2025,7,17,13,2,,2,4934,29,54,A1,5.63,30.43,21.18,47.0,2.8,5.0,3.0,30.0,26.0
0,,2025,7,17,13,2,,3,4346,40,57,B1,4.51,30.11,27.06,35.2,3.4,2.0,4.0,8.0,24.0
0,,2025,7,17,13,2,,4,4080,46,52,A1,6.82,27.16,34.88,33.3,2.2,1.0,7.0,29.0,37.0
0,,2025,7,17,13,2,,5,4264,40,53,A1,7.03,39.56,31.33,50.0,3.4,2.0,10.0,43.0,48.0
0,,2025,7,17,13,2,,6,5403,21,52,B2,1.52,20.48,27.59,0.0,0.0,0.0,0.0,0.0,0.0
1,,2025,7,17,13,3,,1,4329,42,52,B1,4.1,29.03,34.52,85.7,2.4,2.0,4.0,4.0,12.0
0,,2025,7,17,13,3,,2,5047,31,54,B1,4.55,22.62,17.44,36.3,3.0,1.0,3.0,14.0,13.0
0,,2025,7,17,13,3,,3,4583,35,52,A2,5.56,23.26,34.12,43.4,2.5,3.0,7.0,18.0,18.0
0,,2025,7,17,13,3,,4,3788,53,52,B1,5.75,28.26,28.41,31.8,2.2,5.0,2.0,24.0,18.0
0,,2025,7,17,13,3,,5,5166,25,51,A2,5.61,26.37,28.05,20.0,4.5,0.0,3.0,20.0,16.0
0,,2025,7,17,13,3,,6,4600,40,52,A2,5.9,30.43,40.23,0.0,3.4,0.0,0.0,30.0,24.0
1,,2025,7,17,13,4,,1,4544,37,52,A1,7.19,37.36,50.6,89.2,3.0,23.0,2.0,38.0,24.0
0,,2025,7,17,13,4,,2,3955,48,51,B1,5.34,30.77,30.38,29.4,3.9,0.0,5.0,9.0,22.0
0,,2025,7,17,13,4,,3,4615,45,54,B1,4.74,20.43,33.73,20.0,3.6,0.0,4.0,7.0,13.0
0,,2025,7,17,13,4,,4,4656,38,60,B1,4.65,25.3,31.4,22.2,2.9,1.0,3.0,11.0,13.0
0,,2025,7,17,13,4,,5,3931,49,49,B2,5.77,47.92,32.18,28.5,4.1,1.0,1.0,11.0,10.0
0,,2025,7,17,13,4,,6,5404,21,53,B2,1.59,35.63,30.95,0.0,0.0,0.0,0.0,0.0,0.0
1,,2025,7,17,13,5,,1,4732,36,54,A1,6.88,27.66,40.45,83.8,2.3,19.0,7.0,34.0,34.0
0,,2025,7,17,13,5,,2,4079,46,55,A2,5.94,42.71,20.22,36.3,3.6,2.0,6.0,31.0,28.0
0,,2025,7,17,13,5,,3,4945,33,54,B1,4.57,52.13,36.9,50.0,3.5,2.0,3.0,9.0,12.0
0,,2025,7,17,13,5,,4,3392,59,52,B1,4.09,43.16,39.53,18.7,4.3,0.0,3.0,3.0,8.0
0,,2025,7,17,13,5,,5,4983,28,53,A1,5.9,38.71,28.05,37.5,3.5,5.0,4.0,38.0,19.0
0,,2025,7,17,13,5,,6,5375,21,55,B2,1.22,34.74,39.02,0.0,4.7,0.0,0.0,0.0,0.0
1,,2025,7,17,13,6,,1,3963,46,56,A2,5.67,37.36,23.86,82.6,2.9,16.0,3.0,24.0,27.0
0,,2025,7,17,13,6,,2,4404,40,53,B1,4.33,38.54,42.35,54.1,3.8,5.0,8.0,12.0,23.0
0,,2025,7,17,13,6,,3,3350,57,53,B1,4.95,41.94,37.5,10.5,3.1,0.0,2.0,8.0,18.0
0,,2025,7,17,13,6,,4,3792,52,54,A1,6.23,25.29,35.23,45.0,4.3,2.0,7.0,24.0,31.0
0,,2025,7,17,13,6,,5,3282,58,51,B1,4.33,42.39,36.14,5.0,4.6,0.0,1.0,13.0,16.0
0,,2025,7,17,13,6,,6,4346,40,57,B1,4.51,30.11,27.06,12.5,3.9,0.0,2.0,8.0,24.0
1,,2025,7,17,13,7,,1,3615,52,51,B1,4.68,34.41,39.08,69.2,2.6,6.0,3.0,13.0,15.0
1,,2025,7,17,13,7,,2,4839,35,53,A1,6.16,20.0,32.18,77.2,2.2,10.0,7.0,40.0,26.0
0,,2025,7,17,13,7,,3,4718,32,51,A2,5.56,24.18,32.14,47.6,3.4,2.0,8.0,26.0,22.0
0,,2025,7,17,13,7,,4,5047,31,54,B1,4.55,22.62,17.44,12.5,3.4,1.0,1.0,14.0,13.0
0,,2025,7,17,13,7,,5,5336,19,55,B2,1.88,22.35,45.88,0.0,4.4,0.0,0.0,0.0,0.0
0,,2025,7,17,13,7,,6,4066,45,52,A1,6.39,43.96,42.05,10.5,3.4,1.0,1.0,28.0,31.0
1,,2025,7,17,13,8,,1,4973,33,52,B1,5.08,21.92,43.53,75.0,3.6,4.0,5.0,8.0,13.0
0,,2025,7,17,13,8,,2,4600,40,52,A2,5.9,30.43,40.23,47.0,3.2,3.0,5.0,30.0,24.0
0,,2025,7,17,13,8,,3,3722,55,52,B1,4.05,50.0,43.37,20.0,3.3,0.0,2.0,4.0,13.0
0,,2025,7,17,13,8,,4,4790,35,51,A2,5.32,8.7,38.64,40.0,2.7,2.0,6.0,29.0,17.0
0,,2025,7,17,13,8,,5,5403,21,52,B2,1.52,20.48,27.59,0.0,0.0,0.0,0.0,0.0,0.0
0,,2025,7,17,13,8,,6,3849,47,52,A1,7.42,21.92,35.29,20.0,3.6,0.0,1.0,26.0,30.0
1,,2025,7,17,13,9,,1,3788,53,52,B1,5.75,28.26,28.41,90.4,2.4,14.0,5.0,24.0,18.0
1,,2025,7,17,13,9,,2,4983,28,53,A1,5.9,38.71,28.05,52.0,3.0,8.0,5.0,38.0,19.0
1,,2025,7,17,13,9,,3,4934,29,54,A1,5.63,30.43,21.18,63.1,3.9,5.0,7.0,30.0,26.0
0,,2025,7,17,13,9,,4,4145,43,55,B1,3.51,42.55,27.27,5.8,5.3,0.0,1.0,2.0,9.0
0,,2025,7,17,13,9,,5,4544,37,52,A1,7.19,37.36,50.6,40.0,3.7,3.0,5.0,38.0,24.0
0,,2025,7,17,13,9,,6,5014,27,53,B1,4.68,24.39,37.5,0.0,2.5,0.0,0.0,13.0,16.0
1,,2025,7,17,13,10,,1,4522,37,54,A1,6.46,20.69,23.86,95.2,1.9,17.0,3.0,26.0,18.0
1,,2025,7,17,13,10,,2,4080,46,52,A1,6.82,27.16,34.88,60.8,1.8,2.0,12.0,29.0,37.0
0,,2025,7,17,13,10,,3,3392,59,52,B1,4.09,43.16,39.53,10.5,2.8,0.0,2.0,3.0,8.0
0,,2025,7,17,13,10,,4,4710,35,53,A2,6.54,29.79,24.42,26.6,3.2,1.0,3.0,29.0,18.0
0,,2025,7,17,13,10,,5,3792,52,54,A1,6.23,25.29,35.23,16.6,3.6,1.0,2.0,24.0,31.0
0,,2025,7,17,13,10,,6,5243,24,54,B1,5.07,31.18,26.14,5.8,3.5,0.0,1.0,22.0,20.0
1,,2025,7,17,13,11,,1,4953,30,54,A1,6.52,46.24,26.97,83.7,3.2,27.0,4.0,47.0,29.0
0,,2025,7,17,13,11,,2,5166,25,51,A2,5.61,26.37,28.05,54.5,3.8,2.0,4.0,20.0,16.0
0,,2025,7,17,13,11,,3,4656,38,60,B1,4.65,25.3,31.4,38.8,2.5,3.0,4.0,11.0,13.0
0,,2025,7,17,13,11,,4,4718,32,51,A2,5.56,24.18,32.14,35.0,3.1,3.0,4.0,26.0,22.0
0,,2025,7,17,13,11,,5,3072,63,52,B1,4.52,31.91,33.72,0.0,0.0,0.0,0.0,10.0,15.0
0,,2025,7,17,13,11,,6,4079,46,55,A2,5.94,42.71,20.22,12.0,4.2,1.0,2.0,31.0,28.0
1,,2025,7,17,13,12,,1,4264,40,53,A1,7.03,39.56,31.33,84.2,2.1,28.0,4.0,43.0,48.0
0,,2025,7,17,13,12,,2,4790,35,51,A2,5.32,8.7,38.64,38.8,3.7,4.0,3.0,29.0,17.0
1,,2025,7,17,13,12,,3,3931,49,49,B2,5.77,47.92,32.18,66.6,2.2,1.0,3.0,11.0,10.0
0,,2025,7,17,13,12,,4,3963,46,56,A2,5.67,37.36,23.86,41.6,2.5,4.0,6.0,24.0,27.0
0,,2025,7,17,13,12,,5,4732,36,54,A1,6.88,27.66,40.45,22.7,2.2,0.0,5.0,34.0,34.0
0,,2025,7,17,13,12,,6,4583,35,52,A2,5.56,23.26,34.12,0.0,4.6,0.0,0.0,18.0,18.0
1,,2025,7,17,10,1,,1,4568,37,50,A2,6.09,37.93,31.52,75.0,1.8,10.0,5.0,16.0,24.0
0,,2025,7,17,10,1,,2,3313,59,54,B1,3.81,37.36,32.26,7.1,4.1,0.0,1.0,3.0,6.0
0,,2025,7,17,10,1,,3,3616,52,55,B1,5.39,29.21,23.4,28.5,2.8,1.0,3.0,16.0,17.0
0,,2025,7,17,10,1,,4,4904,30,52,B1,5.26,27.06,25.53,31.2,3.0,1.0,4.0,22.0,20.0
0,,2025,7,17,10,1,,5,3889,50,57,B1,3.9,32.26,23.86,8.3,4.2,0.0,1.0,6.0,9.0
0,,2025,7,17,10,1,,6,3891,49,55,B1,3.72,29.89,39.33,0.0,3.1,0.0,0.0,9.0,6.0
1,,2025,7,17,10,2,,1,3822,52,51,A1,6.76,36.26,40.23,81.4,3.4,18.0,4.0,32.0,29.0
1,,2025,7,17,10,2,,2,4254,42,52,A2,5.93,29.55,26.88,60.0,2.1,4.0,8.0,27.0,22.0
0,,2025,7,17,10,2,,3,3306,57,55,B1,4.11,31.46,35.87,20.0,4.0,2.0,2.0,9.0,6.0
0,,2025,7,17,10,2,,4,5280,22,51,B1,5.19,22.83,23.86,22.2,4.2,1.0,5.0,11.0,24.0
0,,2025,7,17,10,2,,5,4866,35,54,B1,3.9,37.78,29.79,18.7,2.5,1.0,2.0,13.0,13.0
0,,2025,7,17,10,2,,6,3459,58,56,B1,3.88,43.16,17.2,5.8,3.6,0.0,1.0,8.0,16.0
1,,2025,7,17,10,3,,1,3562,56,53,A2,6.15,41.05,35.37,70.0,3.9,16.0,5.0,24.0,30.0
0,,2025,7,17,10,3,,2,3584,52,53,B1,4.66,20.73,36.84,42.1,3.4,0.0,8.0,7.0,23.0
0,,2025,7,17,10,3,,3,5121,24,54,A1,6.82,26.37,26.67,36.3,3.2,3.0,5.0,32.0,25.0
0,,2025,7,17,10,3,,4,3680,52,54,B1,4.83,29.55,30.0,22.2,4.2,0.0,4.0,10.0,17.0
0,,2025,7,17,10,3,,5,5263,26,52,B2,4.0,27.55,26.44,0.0,3.0,0.0,0.0,4.0,6.0
0,,2025,7,17,10,3,,6,3455,54,49,B1,4.53,29.47,35.96,7.1,4.4,0.0,1.0,11.0,26.0
1,,2025,7,17,10,4,,1,4247,43,55,A2,5.24,27.37,33.33,66.6,2.9,4.0,4.0,15.0,16.0
0,,2025,7,17,10,4,,2,5045,24,45,B1,4.56,27.27,31.46,26.6,3.7,1.0,3.0,13.0,18.0
0,,2025,7,17,10,4,,3,5321,23,55,B1,4.9,32.26,25.61,25.0,3.5,2.0,2.0,10.0,21.0
0,,2025,7,17,10,4,,4,4237,41,51,A1,7.34,40.91,34.04,36.3,3.1,4.0,4.0,43.0,21.0
0,,2025,7,17,10,4,,5,4744,32,46,B1,5.16,31.52,36.36,13.3,3.9,0.0,2.0,7.0,18.0
0,,2025,7,17,10,4,,6,3256,58,51,A1,6.57,56.32,36.36,10.0,4.0,1.0,1.0,36.0,26.0
1,,2025,7,17,10,5,,1,5033,27,58,B1,4.25,32.22,32.61,58.8,2.3,7.0,3.0,12.0,15.0
0,,2025,7,17,10,5,,2,3989,46,61,B1,3.92,42.39,25.81,33.3,4.7,3.0,2.0,9.0,12.0
0,,2025,7,17,10,5,,3,4705,36,55,B1,4.28,40.96,36.17,26.0,2.5,3.0,3.0,25.0,8.0
1,,2025,7,17,10,5,,4,4504,37,54,A1,7.71,36.36,34.07,58.8,3.3,1.0,9.0,41.0,29.0
0,,2025,7,17,10,5,,5,4886,29,54,A1,6.96,21.65,26.97,26.6,4.1,2.0,2.0,23.0,27.0
0,,2025,7,17,10,5,,6,5380,20,51,B2,1.05,37.11,54.35,0.0,4.9,0.0,0.0,0.0,0.0
1,,2025,7,17,10,6,,1,4661,33,52,B1,4.29,32.22,38.3,50.0,4.2,4.0,1.0,6.0,8.0
0,,2025,7,17,10,6,,2,5331,21,56,B2,3.36,42.22,38.04,0.0,3.4,0.0,0.0,5.0,3.0
0,,2025,7,17,10,6,,3,4714,34,49,B1,4.88,32.67,42.39,23.8,3.2,1.0,4.0,13.0,13.0
0,,2025,7,17,10,6,,4,4521,38,52,A2,6.09,35.11,25.3,35.7,3.0,4.0,1.0,19.0,18.0
0,,2025,7,17,10,6,,5,5324,22,48,B2,1.36,31.87,31.25,0.0,3.1,0.0,0.0,0.0,0.0
0,,2025,7,17,10,6,,6,4188,44,52,A1,7.55,39.6,35.16,0.0,3.2,0.0,0.0,46.0,27.0
0,,2025,7,17,10,7,,1,3503,55,51,B1,4.54,31.18,27.47,36.3,2.5,4.0,0.0,6.0,10.0
0,,2025,7,17,10,7,,2,5263,26,52,B2,4.0,27.55,26.44,50.0,4.0,2.0,1.0,4.0,6.0
0,,2025,7,17,10,7,,3,4904,30,52,B1,5.26,27.06,25.53,27.2,3.9,3.0,3.0,22.0,20.0
0,,2025,7,17,10,7,,4,3306,57,55,B1,4.11,31.46,35.87,11.7,3.6,1.0,1.0,9.0,6.0
0,,2025,7,17,10,7,,5,5153,29,45,B1,4.31,36.56,27.59,5.5,2.7,0.0,1.0,7.0,7.0
0,,2025,7,17,10,7,,6,3576,52,52,A1,6.3,32.97,30.34,0.0,5.5,0.0,0.0,27.0,30.0
0,,2025,7,17,10,8,,1,3921,50,51,B1,4.29,35.87,40.45,33.3,3.3,4.0,0.0,7.0,8.0
0,,2025,7,17,10,8,,2,4866,35,54,B1,3.9,37.78,29.79,47.3,2.5,4.0,5.0,13.0,13.0
0,,2025,7,17,10,8,,3,3680,52,54,B1,4.83,29.55,30.0,16.6,3.7,1.0,2.0,10.0,17.0
0,,2025,7,17,10,8,,4,3616,52,55,B1,5.39,29.21,23.4,12.5,3.1,0.0,2.0,16.0,17.0
0,,2025,7,17,10,8,,5,5045,24,45,B1,4.56,27.27,31.46,14.2,4.0,0.0,3.0,13.0,18.0
0,,2025,7,17,10,8,,6,5322,23,45,B2,1.64,29.55,32.29,0.0,3.6,0.0,0.0,1.0,0.0
1,,2025,7,17,10,9,,1,3455,54,49,B1,4.53,29.47,35.96,70.5,3.2,8.0,4.0,11.0,26.0
0,,2025,7,17,10,9,,2,3889,50,57,B1,3.9,32.26,23.86,30.7,4.2,2.0,2.0,6.0,9.0
0,,2025,7,17,10,9,,3,4744,32,46,B1,5.16,31.52,36.36,22.2,4.1,2.0,2.0,7.0,18.0
0,,2025,7,17,10,9,,4,4442,38,54,A2,5.99,28.28,34.74,38.1,3.1,4.0,4.0,33.0,20.0
0,,2025,7,17,10,9,,5,3989,46,61,B1,3.92,42.39,25.81,20.0,4.7,1.0,2.0,9.0,12.0
0,,2025,7,17,10,9,,6,4117,44,46,A2,6.83,37.21,45.05,18.7,4.0,2.0,1.0,23.0,19.0
1,,2025,7,17,10,10,,1,3256,58,51,A1,6.57,56.32,36.36,82.7,2.2,15.0,9.0,36.0,26.0
1,,2025,7,17,10,10,,2,4886,29,54,A1,6.96,21.65,26.97,50.0,2.4,2.0,8.0,23.0,27.0
0,,2025,7,17,10,10,,3,5280,22,51,B1,5.19,22.83,23.86,22.7,3.8,0.0,5.0,11.0,24.0
0,,2025,7,17,10,10,,4,5121,24,54,A1,6.82,26.37,26.67,47.3,3.2,4.0,5.0,32.0,25.0
0,,2025,7,17,10,10,,5,3313,59,54,B1,3.81,37.36,32.26,0.0,4.4,0.0,0.0,3.0,6.0
0,,2025,7,17,10,10,,6,4661,33,52,B1,4.29,32.22,38.3,11.1,5.7,1.0,0.0,6.0,8.0
1,,2025,7,17,10,11,,1,4237,41,51,A1,7.34,40.91,34.04,84.3,3.7,24.0,3.0,43.0,21.0
1,,2025,7,17,10,11,,2,4521,38,52,A2,6.09,35.11,25.3,70.5,3.1,5.0,7.0,19.0,18.0
0,,2025,7,17,10,11,,3,3822,52,51,A1,6.76,36.26,40.23,40.0,3.4,3.0,7.0,32.0,29.0
0,,2025,7,17,10,11,,4,4568,37,50,A2,6.09,37.93,31.52,37.5,2.1,3.0,3.0,16.0,24.0
0,,2025,7,17,10,11,,5,3584,52,53,B1,4.66,20.73,36.84,11.7,3.8,0.0,2.0,7.0,23.0
0,,2025,7,17,10,11,,6,5033,27,58,B1,4.25,32.22,32.61,0.0,4.5,0.0,0.0,12.0,15.0
1,,2025,7,17,10,12,,1,4188,44,52,A1,7.55,39.6,35.16,100.0,2.3,20.0,5.0,46.0,27.0
1,,2025,7,17,10,12,,2,4504,37,54,A1,7.71,36.36,34.07,61.9,3.3,6.0,7.0,41.0,29.0
0,,2025,7,17,10,12,,3,4254,42,52,A2,5.93,29.55,26.88,20.8,2.9,1.0,4.0,27.0,22.0
0,,2025,7,17,10,12,,4,3562,56,53,A2,6.15,41.05,35.37,33.3,2.8,1.0,5.0,24.0,30.0
0,,2025,7,17,10,12,,5,4247,43,55,A2,5.24,27.37,33.33,0.0,3.7,0.0,0.0,15.0,16.0
0,,2025,7,17,10,12,,6,3503,55,51,B1,4.54,31.18,27.47,0.0,3.5,0.0,0.0,6.0,10.0
1,,2025,7,17,8,1,,1,4798,32,52,A1,7.17,37.87,22.22,91.1,1.7,26.0,5.0,46.0,28.0
0,,2025,7,17,8,1,,2,4863,36,56,B1,5.16,31.61,36.36,16.6,2.5,0.0,3.0,13.0,18.0
0,,2025,7,17,8,1,,3,3828,51,52,B1,4.98,43.04,30.0,35.2,2.9,0.0,6.0,15.0,22.0
0,,2025,7,17,8,1,,4,5133,25,52,B1,5.1,34.23,25.0,23.5,3.6,2.0,2.0,15.0,16.0
0,,2025,7,17,8,1,,5,4565,37,51,B1,4.64,30.41,18.18,20.0,3.3,1.0,2.0,12.0,12.0
0,,2025,7,17,8,1,,6,4905,30,54,B1,4.33,35.33,33.33,5.0,4.4,0.0,1.0,8.0,21.0
1,,2025,7,17,8,2,,1,4840,33,52,B1,4.94,32.26,50.0,62.5,2.5,7.0,3.0,10.0,17.0
0,,2025,7,17,8,2,,2,5276,23,52,B1,5.94,33.33,40.0,43.4,3.5,0.0,10.0,17.0,27.0
0,,2025,7,17,8,2,,3,3406,56,54,A2,5.7,35.37,40.0,21.4,3.4,1.0,2.0,14.0,17.0
0,,2025,7,17,8,2,,4,5009,28,55,A2,5.23,45.81,63.64,40.0,3.3,3.0,5.0,20.0,21.0
0,,2025,7,17,8,2,,5,3888,50,51,B1,5.64,35.29,54.55,8.0,3.5,1.0,1.0,18.0,22.0
0,,2025,7,17,8,2,,6,4483,36,53,A1,6.94,47.88,27.78,27.2,2.7,1.0,2.0,28.0,23.0
1,,2025,7,17,8,3,,1,3772,51,55,B1,5.48,29.75,33.33,62.5,2.6,11.0,4.0,18.0,20.0
0,,2025,7,17,8,3,,2,4638,34,55,B1,4.96,39.88,10.0,47.3,3.9,0.0,9.0,15.0,18.0
0,,2025,7,17,8,3,,3,4771,32,54,A1,6.62,43.59,22.22,36.3,2.7,4.0,4.0,35.0,21.0
0,,2025,7,17,8,3,,4,3712,50,55,B1,5.3,34.91,44.44,25.0,2.9,2.0,3.0,12.0,16.0
0,,2025,7,17,8,3,,5,4040,46,57,A2,5.85,35.93,44.44,27.2,2.8,3.0,3.0,26.0,21.0
0,,2025,7,17,8,3,,6,4907,30,53,A1,7.4,41.61,0.0,27.2,2.9,1.0,2.0,42.0,23.0
1,,2025,7,17,8,4,,1,3703,51,51,A2,6.28,36.99,53.85,77.7,2.8,17.0,4.0,26.0,27.0
1,,2025,7,17,8,4,,2,4653,39,52,A1,6.19,31.79,55.56,56.5,2.8,7.0,6.0,37.0,19.0
0,,2025,7,17,8,4,,3,4723,39,50,B1,4.75,30.34,44.44,44.4,3.0,2.0,6.0,8.0,20.0
0,,2025,7,17,8,4,,4,4684,34,56,B1,5.59,30.97,50.0,22.7,3.8,3.0,2.0,20.0,13.0
0,,2025,7,17,8,4,,5,4644,46,51,B1,5.36,24.05,33.33,16.6,2.8,0.0,2.0,11.0,12.0
0,,2025,7,17,8,4,,6,4269,39,53,A1,6.82,31.98,46.67,25.0,4.2,1.0,3.0,29.0,22.0
1,,2025,7,17,8,5,,1,4835,37,54,B1,5.07,32.91,50.0,64.7,2.8,6.0,5.0,13.0,24.0
0,,2025,7,17,8,5,,2,4565,37,51,B1,4.64,30.41,18.18,35.7,3.7,3.0,2.0,12.0,12.0
1,,2025,7,17,8,5,,3,4369,39,57,A1,6.12,40.48,0.0,60.0,3.5,4.0,8.0,28.0,27.0
0,,2025,7,17,8,5,,4,5051,30,56,A1,6.87,36.77,22.22,50.0,3.4,3.0,5.0,33.0,27.0
0,,2025,7,17,8,5,,5,4402,40,54,A2,5.65,35.5,0.0,16.6,3.7,0.0,3.0,22.0,14.0
0,,2025,7,17,8,5,,6,3381,56,52,B1,5.44,27.33,22.22,15.3,2.8,2.0,0.0,19.0,15.0
1,,2025,7,17,8,6,,1,4601,40,57,A1,6.36,33.54,12.5,86.4,3.1,26.0,6.0,38.0,29.0
0,,2025,7,17,8,6,,2,4574,36,53,B1,4.6,37.25,14.29,40.0,4.5,5.0,5.0,16.0,20.0
0,,2025,7,17,8,6,,3,4811,36,50,B1,4.98,41.46,23.53,4.5,3.0,1.0,0.0,9.0,16.0
0,,2025,7,17,8,6,,4,4637,35,58,B1,5.16,32.5,40.0,26.6,2.7,2.0,2.0,15.0,17.0
0,,2025,7,17,8,6,,5,3653,51,56,B1,4.21,43.86,0.0,23.8,3.7,1.0,4.0,8.0,23.0
0,,2025,7,17,8,6,,6,3848,47,56,B1,5.34,31.33,21.43,0.0,2.9,0.0,0.0,22.0,14.0
1,,2025,7,17,8,7,,1,5276,23,52,B1,5.94,33.33,40.0,70.0,3.1,12.0,2.0,17.0,27.0
0,,2025,7,17,8,7,,2,4808,36,51,A2,5.91,38.15,17.65,42.8,3.1,4.0,8.0,36.0,24.0
0,,2025,7,17,8,7,,3,4359,40,56,B1,5.01,39.07,60.0,31.8,2.4,1.0,6.0,13.0,29.0
0,,2025,7,17,8,7,,4,4798,32,52,A1,7.17,37.87,22.22,47.6,2.8,2.0,8.0,46.0,28.0
0,,2025,7,17,8,7,,5,4907,30,53,A1,7.4,41.61,0.0,40.0,2.8,2.0,8.0,42.0,23.0
0,,2025,7,17,8,7,,6,4467,38,51,A2,5.9,38.27,40.0,5.5,4.5,0.0,1.0,13.0,22.0
1,,2025,7,17,8,8,,1,4040,46,57,A2,5.85,35.93,44.44,66.6,3.3,13.0,3.0,26.0,21.0
1,,2025,7,17,8,8,,2,4757,36,54,A1,6.81,37.78,50.0,47.6,4.1,2.0,8.0,29.0,32.0
0,,2025,7,17,8,8,,3,4840,33,52,B1,4.94,32.26,50.0,29.4,3.2,0.0,5.0,10.0,17.0
0,,2025,7,17,8,8,,4,5110,25,50,A2,5.43,31.71,50.0,27.2,3.4,2.0,4.0,28.0,18.0
0,,2025,7,17,8,8,,5,4653,39,52,A1,6.19,31.79,55.56,23.5,2.2,3.0,1.0,37.0,19.0
0,,2025,7,17,8,8,,6,4863,36,56,B1,5.16,31.61,36.36,5.5,2.9,1.0,0.0,13.0,18.0
1,,2025,7,17,8,9,,1,5133,25,52,B1,5.1,34.23,25.0,53.8,3.7,6.0,1.0,15.0,16.0
1,,2025,7,17,8,9,,2,4483,36,53,A1,6.94,47.88,27.78,57.1,3.6,1.0,7.0,28.0,23.0
0,,2025,7,17,8,9,,3,4610,34,54,A2,5.65,37.65,0.0,45.0,2.6,5.0,4.0,34.0,22.0
0,,2025,7,17,8,9,,4,4402,40,54,A2,5.65,35.5,0.0,26.6,3.3,3.0,1.0,22.0,14.0
0,,2025,7,17,8,9,,5,4062,46,58,A2,5.08,35.57,38.89,27.7,3.4,1.0,4.0,22.0,16.0
0,,2025,7,17,8,9,,6,3075,62,55,B1,4.79,34.39,54.55,14.2,2.9,1.0,2.0,15.0,15.0
1,,2025,7,17,8,10,,1,5044,26,57,A2,5.06,29.41,87.5,83.3,3.3,11.0,4.0,24.0,24.0
0,,2025,7,17,8,10,,2,4369,39,57,A1,6.12,40.48,0.0,35.0,3.4,1.0,6.0,28.0,27.0
0,,2025,7,17,8,10,,3,4601,40,57,A1,6.36,33.54,12.5,38.8,2.3,2.0,5.0,38.0,29.0
0,,2025,7,17,8,10,,4,4905,30,54,B1,4.33,35.33,33.33,17.6,4.1,1.0,2.0,8.0,21.0
0,,2025,7,17,8,10,,5,3406,56,54,A2,5.7,35.37,40.0,21.0,3.9,1.0,3.0,14.0,17.0
0,,2025,7,17,8,10,,6,4644,46,51,B1,5.36,24.05,33.33,0.0,2.8,0.0,0.0,11.0,12.0
1,,2025,7,17,8,11,,1,4703,37,50,A1,6.63,34.34,35.0,80.0,2.3,25.0,3.0,40.0,28.0
0,,2025,7,17,8,11,,2,3772,51,55,B1,5.48,29.75,33.33,52.9,3.3,2.0,7.0,18.0,20.0
0,,2025,7,17,8,11,,3,4269,39,53,A1,6.82,31.98,46.67,15.7,2.7,1.0,2.0,29.0,22.0
0,,2025,7,17,8,11,,4,4808,36,51,A2,5.91,38.15,17.65,26.0,4.0,2.0,4.0,36.0,24.0
0,,2025,7,17,8,11,,5,3848,47,56,B1,5.34,31.33,21.43,8.0,2.5,0.0,2.0,22.0,14.0
0,,2025,7,17,8,11,,6,5009,28,55,A2,5.23,45.81,63.64,0.0,3.2,0.0,0.0,20.0,21.0
1,,2025,7,17,8,12,,1,4757,36,54,A1,6.81,37.78,50.0,74.0,3.0,18.0,2.0,29.0,32.0
1,,2025,7,17,8,12,,2,3888,50,51,B1,5.64,35.29,54.55,61.9,2.6,7.0,6.0,18.0,22.0
0,,2025,7,17,8,12,,3,4467,38,51,A2,5.9,38.27,40.0,36.3,3.0,3.0,5.0,13.0,22.0
0,,2025,7,17,8,12,,4,3703,51,51,A2,6.28,36.99,53.85,29.1,3.6,2.0,5.0,26.0,27.0
0,,2025,7,17,8,12,,5,5051,30,56,A1,6.87,36.77,22.22,28.5,3.5,2.0,4.0,33.0,27.0
0,,2025,7,17,8,12,,6,4638,34,55,B1,4.96,39.88,10.0,5.5,5.2,0.0,1.0,15.0,18.0
1,,2025,7,17,6,1,,1,3718,50,55,B1,4.24,38.6,31.79,53.8,3.4,6.0,1.0,9.0,11.0
0,,2025,7,17,6,1,,2,4332,41,56,B1,4.31,42.62,35.75,45.4,3.8,1.0,4.0,4.0,13.0
0,,2025,7,17,6,1,,3,3866,50,56,B1,3.75,15.22,31.95,40.0,2.4,2.0,2.0,8.0,7.0
0,,2025,7,17,6,1,,4,4440,38,55,B1,4.38,18.97,31.98,27.7,2.2,0.0,5.0,8.0,17.0
0,,2025,7,17,6,1,,5,4031,46,52,B1,4.32,27.27,37.35,0.0,4.3,0.0,0.0,5.0,12.0
0,,2025,7,17,6,1,,6,4417,38,53,B1,4.53,22.92,34.38,23.0,4.3,0.0,3.0,7.0,9.0
0,,2025,7,17,6,2,,1,3880,52,55,B1,4.33,33.93,36.57,46.6,3.4,4.0,3.0,7.0,17.0
0,,2025,7,17,6,2,,2,4252,42,53,B1,4.55,22.03,34.64,43.7,3.3,0.0,7.0,7.0,18.0
0,,2025,7,17,6,2,,3,4114,44,53,A2,5.73,22.22,38.89,25.0,2.7,2.0,4.0,18.0,25.0
0,,2025,7,17,6,2,,4,4431,39,52,B1,5.08,28.07,35.5,19.0,3.3,2.0,2.0,15.0,17.0
0,,2025,7,17,6,2,,5,4877,30,56,A1,6.72,11.63,36.78,47.0,2.6,7.0,1.0,33.0,23.0
0,,2025,7,17,6,2,,6,5169,24,48,B2,3.73,35.59,38.29,0.0,0.0,0.0,0.0,0.0,0.0
1,,2025,7,17,6,3,,1,5240,25,56,B1,3.41,48.33,32.95,42.8,3.6,4.0,2.0,9.0,13.0
0,,2025,7,17,6,3,,2,3826,52,52,A2,6.08,5.0,31.43,53.8,3.2,1.0,6.0,17.0,21.0
1,,2025,7,17,6,3,,3,4109,45,54,A1,6.81,47.37,31.48,55.0,1.8,6.0,5.0,36.0,28.0
0,,2025,7,17,6,3,,4,3454,54,58,B1,4.3,26.42,40.7,17.3,2.7,2.0,2.0,5.0,20.0
0,,2025,7,17,6,3,,5,3542,56,56,B1,4.07,39.66,35.59,0.0,0.0,0.0,0.0,3.0,15.0
0,,2025,7,17,6,3,,6,5383,20,54,B2,1.36,31.58,36.09,2.2,4.6,0.0,1.0,0.0,1.0
1,,2025,7,17,6,4,,1,5068,25,51,A1,6.85,37.5,34.3,84.3,2.6,23.0,4.0,44.0,26.0
0,,2025,7,17,6,4,,2,3911,51,52,B1,5.42,47.06,42.44,33.3,3.4,4.0,3.0,18.0,15.0
0,,2025,7,17,6,4,,3,3851,52,57,B1,3.71,27.27,34.46,9.0,2.5,0.0,1.0,8.0,3.0
0,,2025,7,17,6,4,,4,4327,42,53,B1,4.09,26.79,35.8,18.1,4.4,0.0,4.0,9.0,20.0
0,,2025,7,17,6,4,,5,3643,53,52,B1,5.46,47.14,34.09,19.0,3.6,2.0,2.0,15.0,28.0
0,,2025,7,17,6,4,,6,4740,33,52,B1,4.15,49.23,35.33,6.6,4.6,0.0,1.0,9.0,14.0
1,,2025,7,17,6,5,,1,4676,37,57,B1,5.2,24.49,36.72,60.0,2.1,7.0,5.0,16.0,23.0
1,,2025,7,17,6,5,,2,4496,38,53,A1,5.79,27.27,33.93,68.7,3.8,4.0,7.0,29.0,31.0
0,,2025,7,17,6,5,,3,4942,35,54,B1,5.0,28.0,35.39,11.1,2.9,0.0,2.0,8.0,9.0
0,,2025,7,17,6,5,,4,4356,41,52,A1,6.47,15.09,38.29,40.9,3.7,4.0,5.0,34.0,34.0
0,,2025,7,17,6,5,,5,4116,44,52,A2,5.29,34.92,40.0,22.2,3.3,1.0,3.0,19.0,22.0
0,,2025,7,17,6,5,,6,5405,21,52,B2,1.06,27.91,36.87,0.0,0.0,0.0,0.0,0.0,0.0
1,,2025,7,17,6,6,,1,3708,51,55,B1,5.17,23.53,36.99,58.8,2.9,6.0,4.0,19.0,20.0
1,,2025,7,17,6,6,,2,4297,42,53,A1,6.39,49.15,37.28,57.8,2.1,6.0,5.0,39.0,18.0
0,,2025,7,17,6,6,,3,5242,24,56,B1,3.47,31.03,32.92,15.3,4.2,0.0,4.0,2.0,12.0
0,,2025,7,17,6,6,,4,4989,28,52,A2,6.45,50.0,41.24,41.3,3.0,2.0,10.0,24.0,34.0
0,,2025,7,17,6,6,,5,4466,38,52,A2,5.81,22.45,30.77,15.7,4.1,1.0,2.0,18.0,29.0
0,,2025,7,17,6,6,,6,4252,42,53,B1,4.55,22.03,34.64,0.0,3.9,0.0,0.0,7.0,18.0
1,,2025,7,17,6,7,,1,3463,57,51,B1,5.0,31.48,31.74,60.0,3.5,5.0,4.0,6.0,19.0
0,,2025,7,17,6,7,,2,3866,50,56,B1,3.75,15.22,31.95,30.0,2.0,2.0,1.0,8.0,7.0
0,,2025,7,17,6,7,,3,4633,36,52,B1,5.25,22.45,37.36,41.1,2.7,2.0,5.0,15.0,17.0
0,,2025,7,17,6,7,,4,4122,43,57,A2,5.58,48.39,36.78,44.4,3.2,3.0,5.0,21.0,24.0
0,,2025,7,17,6,7,,5,5383,20,54,B2,1.36,31.58,36.09,0.0,3.3,0.0,0.0,0.0,1.0
0,,2025,7,17,6,7,,6,3743,50,52,A1,6.73,47.06,33.33,0.0,4.0,0.0,0.0,41.0,18.0
1,,2025,7,17,6,8,,1,4114,44,53,A2,5.73,22.22,38.89,78.5,2.8,12.0,10.0,18.0,25.0
0,,2025,7,17,6,8,,2,5211,26,49,B1,4.07,42.62,34.66,28.5,3.8,1.0,3.0,5.0,5.0
0,,2025,7,17,6,8,,3,5131,26,52,B1,3.78,16.0,34.71,11.1,3.5,1.0,0.0,3.0,3.0
1,,2025,7,17,6,8,,4,4207,42,53,A1,6.32,30.19,33.53,58.8,1.7,5.0,5.0,33.0,29.0
0,,2025,7,17,6,8,,5,3718,50,55,B1,4.24,38.6,31.79,15.7,3.5,1.0,2.0,9.0,11.0
0,,2025,7,17,6,8,,6,5419,19,51,B2,1.41,18.18,37.5,0.0,0.0,0.0,0.0,0.0,0.0
1,,2025,7,17,6,9,,1,4431,39,52,B1,5.08,28.07,35.5,55.0,2.0,7.0,4.0,15.0,17.0
0,,2025,7,17,6,9,,2,4116,44,52,A2,5.29,34.92,40.0,28.5,3.9,1.0,3.0,19.0,22.0
0,,2025,7,17,6,9,,3,4417,38,53,B1,4.53,22.92,34.38,21.4,4.5,0.0,3.0,7.0,9.0
0,,2025,7,17,6,9,,4,4363,40,52,A2,5.66,41.07,38.42,23.8,2.8,4.0,1.0,26.0,23.0
0,,2025,7,17,6,9,,5,3826,52,52,A2,6.08,5.0,31.43,21.4,2.9,2.0,1.0,17.0,21.0
0,,2025,7,17,6,9,,6,3911,51,52,B1,5.42,47.06,42.44,10.5,4.3,1.0,1.0,18.0,15.0
1,,2025,7,17,6,10,,1,4150,43,57,A2,5.15,28.89,31.21,63.1,2.4,11.0,1.0,28.0,17.0
0,,2025,7,17,6,10,,2,5169,24,48,B2,3.73,35.59,38.29,0.0,0.0,0.0,0.0,0.0,0.0
0,,2025,7,17,6,10,,3,4466,38,52,A2,5.81,22.45,30.77,37.9,3.2,3.0,8.0,18.0,29.0
0,,2025,7,17,6,10,,4,3851,52,57,B1,3.71,27.27,34.46,10.0,3.4,1.0,0.0,8.0,3.0
0,,2025,7,17,6,10,,5,4496,38,53,A1,5.79,27.27,33.93,53.8,3.1,3.0,4.0,29.0,31.0
0,,2025,7,17,6,10,,6,4332,41,56,B1,4.31,42.62,35.75,20.0,4.2,1.0,1.0,4.0,13.0
1,,2025,7,17,6,11,,1,4877,30,56,A1,6.72,11.63,36.78,83.3,2.5,15.0,5.0,33.0,23.0
0,,2025,7,17,6,11,,2,3643,53,52,B1,5.46,47.14,34.09,37.5,4.2,2.0,7.0,15.0,28.0
1,,2025,7,17,6,11,,3,4989,28,52,A2,6.45,50.0,41.24,50.0,3.2,3.0,7.0,24.0,34.0
0,,2025,7,17,6,11,,4,4676,37,57,B1,5.2,24.49,36.72,46.1,3.0,6.0,6.0,16.0,23.0
0,,2025,7,17,6,11,,5,5240,25,56,B1,3.41,48.33,32.95,5.2,4.1,0.0,1.0,9.0,13.0
0,,2025,7,17,6,11,,6,4122,43,57,A2,5.58,48.39,36.78,4.7,4.3,1.0,0.0,21.0,24.0
1,,2025,7,17,6,12,,1,4207,42,53,A1,6.32,30.19,33.53,96.1,1.7,18.0,7.0,33.0,29.0
1,,2025,7,17,6,12,,2,3743,50,52,A1,6.73,47.06,33.33,52.1,3.2,5.0,7.0,41.0,18.0
1,,2025,7,17,6,12,,3,4356,41,52,A1,6.47,15.09,38.29,59.0,2.8,6.0,7.0,34.0,34.0
0,,2025,7,17,6,12,,4,5068,25,51,A1,6.85,37.5,34.3,38.7,2.9,8.0,4.0,44.0,26.0
0,,2025,7,17,6,12,,5,4297,42,53,A1,6.39,49.15,37.28,38.1,1.5,3.0,5.0,39.0,18.0
0,,2025,7,17,6,12,,6,4109,45,54,A1,6.81,47.37,31.48,13.6,3.0,1.0,2.0,36.0,28.0
0,,2025,7,17,5,1,,1,4893,34,46,B2,4.59,31.25,34.92,25.0,3.9,1.0,1.0,3.0,6.0
0,,2025,7,17,5,1,,2,3981,47,52,B1,4.24,29.23,34.38,7.6,5.2,0.0,1.0,4.0,12.0
0,,2025,7,17,5,1,,3,3620,51,55,B1,4.29,33.33,29.51,5.5,3.3,0.0,1.0,5.0,13.0
0,,2025,7,17,5,1,,4,5347,21,48,B2,1.51,36.36,23.64,0.0,6.0,0.0,0.0,0.0,0.0
0,,2025,7,17,5,1,,5,4519,38,44,A2,6.29,26.42,40.0,35.2,2.1,4.0,2.0,19.0,26.0
0,,2025,7,17,5,1,,6,4918,36,52,B1,4.81,29.85,38.1,0.0,5.0,0.0,0.0,9.0,6.0
0,,2025,7,17,5,2,,1,3346,58,52,B1,3.98,26.23,31.75,38.4,3.0,4.0,1.0,8.0,9.0
0,,2025,7,17,5,2,,2,3305,57,52,B1,4.2,24.62,34.38,12.5,3.5,0.0,2.0,6.0,8.0
0,,2025,7,17,5,2,,3,3462,58,53,B1,3.79,41.33,35.94,15.7,4.0,1.0,2.0,5.0,8.0
0,,2025,7,17,5,2,,4,4901,32,45,B2,5.16,46.15,32.26,0.0,0.0,0.0,0.0,0.0,0.0
0,,2025,7,17,5,2,,5,3790,53,53,B1,3.84,28.57,28.13,7.6,3.5,0.0,1.0,10.0,11.0
0,,2025,7,17,5,2,,6,3422,54,54,A1,6.4,16.28,55.93,0.0,4.0,0.0,0.0,34.0,29.0
1,,2025,7,17,5,3,,1,3652,51,57,B1,3.76,36.49,44.26,64.2,2.8,8.0,1.0,10.0,7.0
0,,2025,7,17,5,3,,2,4067,45,52,A1,6.32,34.72,30.16,48.0,3.6,3.0,9.0,40.0,39.0
0,,2025,7,17,5,3,,3,4110,45,56,B1,3.91,28.0,26.56,13.3,2.4,0.0,2.0,10.0,10.0
0,,2025,7,17,5,3,,4,3294,59,53,B1,4.63,41.79,36.36,14.2,3.2,1.0,1.0,4.0,9.0
0,,2025,7,17,5,3,,5,3482,54,61,B1,5.28,42.42,30.77,23.5,2.6,1.0,3.0,17.0,16.0
0,,2025,7,17,5,3,,6,5085,26,52,B1,4.55,23.64,19.35,5.5,4.1,0.0,1.0,7.0,23.0
0,,2025,7,17,5,4,,1,3748,50,56,B1,4.05,28.79,33.33,28.5,3.6,2.0,2.0,2.0,8.0
1,,2025,7,17,5,4,,2,4042,45,51,A1,6.47,37.84,17.54,76.1,2.9,9.0,7.0,47.0,28.0
0,,2025,7,17,5,4,,3,4076,46,52,A2,5.64,39.06,46.03,45.4,3.2,2.0,3.0,22.0,17.0
0,,2025,7,17,5,4,,4,3827,51,52,B1,4.0,48.48,37.5,18.7,3.4,2.0,1.0,7.0,6.0
0,,2025,7,17,5,4,,5,4956,30,55,B1,4.5,23.21,25.0,13.3,4.2,0.0,2.0,7.0,8.0
0,,2025,7,17,5,4,,6,4562,37,55,B1,4.18,28.26,30.16,5.8,5.1,0.0,1.0,7.0,15.0
1,,2025,7,17,5,5,,1,4491,38,51,B1,4.29,55.56,12.77,50.0,3.9,3.0,3.0,8.0,11.0
0,,2025,7,17,5,5,,2,4293,39,59,A2,5.99,20.37,21.28,42.8,3.9,3.0,3.0,28.0,21.0
0,,2025,7,17,5,5,,3,3448,55,53,B1,4.01,47.62,21.88,23.0,4.1,0.0,3.0,5.0,12.0
0,,2025,7,17,5,5,,4,5316,24,52,B1,3.75,21.43,27.27,13.3,3.5,1.0,3.0,2.0,7.0
0,,2025,7,17,5,5,,5,4940,26,51,B1,2.63,37.74,12.73,0.0,3.4,0.0,0.0,1.0,4.0
0,,2025,7,17,5,5,,6,3874,49,52,A1,6.35,21.21,31.15,21.0,3.3,0.0,4.0,26.0,35.0
1,,2025,7,17,5,6,,1,4358,40,50,B1,4.5,42.65,31.82,53.3,3.4,7.0,1.0,9.0,16.0
0,,2025,7,17,5,6,,2,3414,55,57,B1,4.47,46.15,28.79,33.3,2.5,3.0,1.0,9.0,13.0
0,,2025,7,17,5,6,,3,3981,47,52,B1,4.24,29.23,34.38,21.0,3.8,0.0,4.0,4.0,12.0
0,,2025,7,17,5,6,,4,4903,31,52,A1,6.32,19.72,41.94,55.5,3.5,5.0,5.0,30.0,28.0
0,,2025,7,17,5,6,,5,4144,43,53,A1,6.3,39.58,26.0,35.0,3.3,3.0,4.0,39.0,28.0
0,,2025,7,17,5,6,,6,5415,19,52,B2,1.04,39.68,29.51,0.0,0.0,0.0,0.0,0.0,0.0
1,,2025,7,17,5,7,,1,4992,27,57,B1,3.97,32.35,34.92,88.8,2.2,7.0,1.0,15.0,9.0
0,,2025,7,17,5,7,,2,3993,46,48,B1,5.52,52.24,29.51,36.3,3.1,1.0,3.0,7.0,10.0
1,,2025,7,17,5,7,,3,4043,45,54,A1,6.78,32.26,45.31,57.8,2.6,5.0,6.0,35.0,28.0
0,,2025,7,17,5,7,,4,3346,58,52,B1,3.98,26.23,31.75,5.8,3.4,1.0,0.0,8.0,9.0
0,,2025,7,17,5,7,,5,5347,21,48,B2,1.51,36.36,23.64,0.0,4.6,0.0,0.0,0.0,0.0
0,,2025,7,17,5,7,,6,3968,49,52,A2,5.8,45.07,38.6,0.0,4.5,0.0,0.0,18.0,20.0
1,,2025,7,17,5,8,,1,3951,49,57,A2,6.23,22.03,37.1,89.2,3.4,16.0,9.0,23.0,31.0
0,,2025,7,17,5,8,,2,4918,36,52,B1,4.81,29.85,38.1,27.2,2.8,1.0,2.0,9.0,6.0
0,,2025,7,17,5,8,,3,3294,59,53,B1,4.63,41.79,36.36,9.0,3.6,0.0,1.0,4.0,9.0
0,,2025,7,17,5,8,,4,3305,57,52,B1,4.2,24.62,34.38,0.0,3.6,0.0,0.0,6.0,8.0
0,,2025,7,17,5,8,,5,4460,39,55,A1,6.28,34.72,32.31,37.5,2.9,6.0,3.0,42.0,28.0
0,,2025,7,17,5,8,,6,3827,51,52,B1,4.0,48.48,37.5,0.0,3.6,0.0,0.0,7.0,6.0
1,,2025,7,17,5,9,,1,4076,46,52,A2,5.64,39.06,46.03,75.0,3.4,14.0,1.0,22.0,17.0
0,,2025,7,17,5,9,,2,3462,58,53,B1,3.79,41.33,35.94,12.5,4.1,1.0,1.0,5.0,8.0
0,,2025,7,17,5,9,,3,3874,49,52,A1,6.35,21.21,31.15,50.0,3.5,5.0,6.0,26.0,35.0
0,,2025,7,17,5,9,,4,4893,34,46,B2,4.59,31.25,34.92,25.0,3.3,2.0,0.0,3.0,6.0
0,,2025,7,17,5,9,,5,4067,45,52,A1,6.32,34.72,30.16,27.5,3.5,2.0,6.0,40.0,39.0
0,,2025,7,17,5,9,,6,4678,36,47,B1,5.35,50.0,26.15,6.2,4.1,0.0,1.0,16.0,16.0
1,,2025,7,17,5,10,,1,4903,31,52,A1,6.32,19.72,41.94,91.3,2.1,16.0,5.0,30.0,28.0
0,,2025,7,17,5,10,,2,5085,26,52,B1,4.55,23.64,19.35,28.5,3.3,3.0,3.0,7.0,23.0
0,,2025,7,17,5,10,,3,3745,50,54,A2,5.61,32.2,36.92,33.3,2.9,1.0,5.0,23.0,27.0
0,,2025,7,17,5,10,,4,4042,45,51,A1,6.47,37.84,17.54,50.0,2.4,3.0,7.0,47.0,28.0
0,,2025,7,17,5,10,,5,3929,49,52,B1,4.6,42.86,38.46,26.3,3.1,1.0,4.0,11.0,17.0
0,,2025,7,17,5,10,,6,5316,24,52,B1,3.75,21.43,27.27,3.5,3.5,0.0,1.0,2.0,7.0
1,,2025,7,17,5,11,,1,4144,43,53,A1,6.3,39.58,26.0,86.9,3.5,17.0,3.0,39.0,28.0
0,,2025,7,17,5,11,,2,3422,54,54,A1,6.4,16.28,55.93,47.3,3.2,2.0,7.0,34.0,29.0
0,,2025,7,17,5,11,,3,3748,50,56,B1,4.05,28.79,33.33,11.7,3.5,0.0,2.0,2.0,8.0
0,,2025,7,17,5,11,,4,3652,51,57,B1,3.76,36.49,44.26,14.2,4.3,1.0,1.0,10.0,7.0
0,,2025,7,17,5,11,,5,3620,51,55,B1,4.29,33.33,29.51,11.1,3.8,0.0,2.0,5.0,13.0
0,,2025,7,17,5,11,,6,4293,39,59,A2,5.99,20.37,21.28,10.5,3.7,0.0,2.0,28.0,21.0
1,,2025,7,17,5,12,,1,4460,39,55,A1,6.28,34.72,32.31,70.9,2.6,16.0,6.0,42.0,28.0
0,,2025,7,17,5,12,,2,4519,38,44,A2,6.29,26.42,40.0,40.9,3.0,1.0,8.0,19.0,26.0
0,,2025,7,17,5,12,,3,4901,32,45,B2,5.16,46.15,32.26,0.0,0.0,0.0,0.0,0.0,0.0
0,,2025,7,17,5,12,,4,4110,45,56,B1,3.91,28.0,26.56,21.4,3.2,0.0,3.0,10.0,10.0
0,,2025,7,17,5,12,,5,4358,40,50,B1,4.5,42.65,31.82,16.6,4.7,0.0,3.0,9.0,16.0
0,,2025,7,17,5,12,,6,4043,45,54,A1,6.78,32.26,45.31,8.3,4.2,0.0,1.0,35.0,28.0
0,,2025,7,17,1,1,,1,5100,28,55,B2,3.09,33.81,33.33,16.6,4.2,0.0,1.0,1.0,3.0
1,,2025,7,17,1,1,,2,4437,39,55,A1,6.1,30.53,26.77,52.6,3.4,7.0,3.0,41.0,18.0
0,,2025,7,17,1,1,,3,4022,45,57,B1,5.14,31.69,32.31,33.3,3.1,2.0,4.0,16.0,22.0
0,,2025,7,17,1,1,,4,4469,38,55,A2,5.71,36.89,37.31,16.6,3.2,1.0,1.0,11.0,17.0
0,,2025,7,17,1,1,,5,3538,57,53,B1,5.17,34.93,26.67,0.0,3.9,0.0,0.0,22.0,16.0
0,,2025,7,17,1,1,,6,4872,32,54,B1,4.21,44.34,37.21,10.0,5.0,0.0,1.0,5.0,12.0
1,,2025,7,17,1,2,,1,3619,51,52,B1,5.0,29.52,18.26,72.0,3.0,12.0,6.0,24.0,14.0
0,,2025,7,17,1,2,,2,4429,39,60,B1,4.2,48.28,32.58,26.9,3.9,3.0,4.0,10.0,12.0
0,,2025,7,17,1,2,,3,5107,26,50,B1,5.0,40.74,33.85,16.6,3.8,1.0,1.0,4.0,6.0
0,,2025,7,17,1,2,,4,3251,59,49,A2,5.85,28.7,28.8,47.3,4.1,2.0,7.0,35.0,22.0
0,,2025,7,17,1,2,,5,4434,39,55,A1,6.77,40.95,37.5,9.5,4.4,1.0,1.0,34.0,33.0
0,,2025,7,17,1,2,,6,3583,52,58,B2,3.26,32.85,36.43,0.0,2.8,0.0,0.0,2.0,4.0
1,,2025,7,17,1,3,,1,5223,24,55,B1,4.49,36.67,39.2,75.0,3.6,7.0,2.0,12.0,16.0
1,,2025,7,17,1,3,,2,4137,44,53,A1,7.06,39.22,18.9,47.6,2.6,2.0,8.0,36.0,35.0
0,,2025,7,17,1,3,,3,5012,28,53,A2,5.9,36.08,42.11,39.1,2.5,4.0,5.0,30.0,22.0
0,,2025,7,17,1,3,,4,3569,54,55,B1,4.34,30.68,28.57,15.7,3.9,1.0,2.0,13.0,13.0
0,,2025,7,17,1,3,,5,3659,50,54,A2,5.46,31.48,29.41,16.6,4.1,0.0,3.0,15.0,19.0
0,,2025,7,17,1,3,,6,5154,29,54,B1,4.73,28.23,25.19,20.0,4.2,0.0,4.0,9.0,26.0
1,,2025,7,17,1,4,,1,3699,52,52,B1,4.38,42.48,43.51,50.0,2.6,2.0,2.0,7.0,14.0
1,,2025,7,17,1,4,,2,4630,38,53,A1,6.25,50.46,28.1,63.1,3.1,5.0,7.0,31.0,27.0
0,,2025,7,17,1,4,,3,4343,40,52,B1,3.12,31.82,31.53,17.6,2.9,0.0,3.0,6.0,11.0
0,,2025,7,17,1,4,,4,4131,45,54,A2,5.16,41.27,38.93,23.5,3.0,1.0,3.0,13.0,30.0
0,,2025,7,17,1,4,,5,4748,39,53,A1,6.3,42.97,32.56,13.6,2.5,2.0,1.0,39.0,31.0
0,,2025,7,17,1,4,,6,5343,22,52,B1,2.64,33.85,32.58,5.4,3.6,1.0,3.0,1.0,4.0
1,,2025,7,17,1,5,,1,4022,45,57,B1,5.14,31.69,32.31,64.0,2.8,8.0,8.0,16.0,22.0
1,,2025,7,17,1,5,,2,4761,35,53,A1,6.23,39.56,35.71,52.9,2.2,5.0,4.0,26.0,19.0
0,,2025,7,17,1,5,,3,4578,36,52,A2,6.47,26.73,40.0,31.8,2.7,4.0,3.0,34.0,21.0
0,,2025,7,17,1,5,,4,4555,35,55,B1,5.4,41.23,31.3,37.5,2.9,3.0,3.0,17.0,17.0
0,,2025,7,17,1,5,,5,4651,40,52,B1,4.97,34.33,34.92,10.5,3.9,0.0,2.0,5.0,14.0
0,,2025,7,17,1,5,,6,4786,37,54,A1,6.31,28.46,28.46,5.0,4.0,0.0,1.0,23.0,32.0
1,,2025,7,17,1,6,,1,3412,55,54,A1,6.68,30.0,31.82,93.5,2.4,27.0,2.0,44.0,27.0
0,,2025,7,17,1,6,,2,4405,40,52,B1,4.51,35.86,34.88,27.7,3.7,0.0,5.0,7.0,13.0
0,,2025,7,17,1,6,,3,3860,52,52,B1,4.09,28.0,30.47,18.7,3.8,1.0,2.0,4.0,15.0
0,,2025,7,17,1,6,,4,5244,24,52,B1,3.88,28.36,37.5,0.0,4.0,0.0,0.0,2.0,7.0
0,,2025,7,17,1,6,,5,4197,43,56,B1,4.24,32.37,31.58,10.5,3.5,1.0,1.0,14.0,17.0
0,,2025,7,17,1,6,,6,5304,22,59,B2,1.28,30.0,36.84,0.0,5.0,0.0,0.0,0.0,0.0
1,,2025,7,17,1,7,,1,3251,59,49,A2,5.85,28.7,28.8,84.3,3.5,22.0,5.0,35.0,22.0
0,,2025,7,17,1,7,,2,5212,26,55,B1,4.4,35.11,39.85,30.0,3.7,2.0,4.0,11.0,13.0
0,,2025,7,17,1,7,,3,4437,39,55,A1,6.1,30.53,26.77,42.1,2.9,3.0,5.0,41.0,18.0
0,,2025,7,17,1,7,,4,2538,76,53,B1,2.92,33.1,37.8,0.0,4.8,0.0,0.0,1.0,6.0
0,,2025,7,17,1,7,,5,4766,34,56,B1,5.01,33.87,34.35,10.0,1.8,1.0,1.0,19.0,17.0
0,,2025,7,17,1,7,,6,3569,54,55,B1,4.34,30.68,28.57,5.2,5.8,0.0,1.0,13.0,13.0
1,,2025,7,17,1,8,,1,4131,45,54,A2,5.16,41.27,38.93,92.8,3.4,7.0,6.0,13.0,30.0
0,,2025,7,17,1,8,,2,5107,26,50,B1,5.0,40.74,33.85,27.2,2.8,0.0,3.0,4.0,6.0
0,,2025,7,17,1,8,,3,5154,29,54,B1,4.73,28.23,25.19,37.5,3.1,1.0,8.0,9.0,26.0
0,,2025,7,17,1,8,,4,5100,28,55,B2,3.09,33.81,33.33,14.2,3.4,0.0,1.0,1.0,3.0
0,,2025,7,17,1,8,,5,4512,36,52,A1,6.84,28.44,27.19,25.0,2.5,3.0,3.0,35.0,32.0
0,,2025,7,17,1,8,,6,5349,21,53,B2,1.24,35.66,32.0,0.0,4.5,0.0,0.0,0.0,0.0
1,,2025,7,17,1,9,,1,4651,40,52,B1,4.97,34.33,34.92,75.0,4.6,2.0,4.0,5.0,14.0
0,,2025,7,17,1,9,,2,4872,32,54,B1,4.21,44.34,37.21,23.5,4.1,1.0,3.0,5.0,12.0
1,,2025,7,17,1,9,,3,4748,39,53,A1,6.3,42.97,32.56,48.1,2.1,7.0,6.0,39.0,31.0
0,,2025,7,17,1,9,,4,3659,50,54,A2,5.46,31.48,29.41,29.4,3.5,2.0,3.0,15.0,19.0
0,,2025,7,17,1,9,,5,4429,39,60,B1,4.2,48.28,32.58,0.0,3.9,0.0,0.0,10.0,12.0
0,,2025,7,17,1,9,,6,4643,32,52,A1,6.96,36.19,27.64,18.7,4.6,0.0,3.0,34.0,29.0
1,,2025,7,17,1,10,,1,5012,28,53,A2,5.9,36.08,42.11,71.4,2.7,10.0,0.0,30.0,22.0
1,,2025,7,17,1,10,,2,4434,39,55,A1,6.77,40.95,37.5,52.3,3.0,5.0,6.0,34.0,33.0
0,,2025,7,17,1,10,,3,4469,38,55,A2,5.71,36.89,37.31,50.0,3.3,3.0,5.0,11.0,17.0
0,,2025,7,17,1,10,,4,3740,51,54,A1,6.26,38.1,38.17,20.0,2.7,0.0,3.0,23.0,26.0
0,,2025,7,17,1,10,,5,4555,35,55,B1,5.4,41.23,31.3,25.0,4.3,0.0,4.0,17.0,17.0
0,,2025,7,17,1,10,,6,4197,43,56,B1,4.24,32.37,31.58,5.8,4.1,0.0,1.0,14.0,17.0
1,,2025,7,17,1,11,,1,4630,38,53,A1,6.25,50.46,28.1,76.6,3.8,16.0,7.0,31.0,27.0
0,,2025,7,17,1,11,,2,3860,52,52,B1,4.09,28.0,30.47,29.4,3.6,1.0,4.0,4.0,15.0
1,,2025,7,17,1,11,,3,4137,44,53,A1,7.06,39.22,18.9,61.1,3.2,5.0,6.0,36.0,35.0
0,,2025,7,17,1,11,,4,5212,26,55,B1,4.4,35.11,39.85,31.2,2.8,0.0,5.0,11.0,13.0
0,,2025,7,17,1,11,,5,4228,42,58,A2,5.25,32.54,38.28,30.0,3.0,3.0,3.0,23.0,23.0
0,,2025,7,17,1,11,,6,4578,36,52,A2,6.47,26.73,40.0,12.5,3.9,1.0,1.0,34.0,21.0
1,,2025,7,17,1,12,,1,4512,36,52,A1,6.84,28.44,27.19,83.8,3.4,22.0,4.0,35.0,32.0
0,,2025,7,17,1,12,,2,5053,29,55,A2,5.36,36.88,28.46,50.0,2.9,3.0,4.0,22.0,13.0
0,,2025,7,17,1,12,,3,4430,39,57,A2,5.59,42.73,23.66,44.4,3.5,5.0,7.0,28.0,30.0
0,,2025,7,17,1,12,,4,4405,40,52,B1,4.51,35.86,34.88,6.6,3.9,1.0,0.0,7.0,13.0
0,,2025,7,17,1,12,,5,3699,52,52,B1,4.38,42.48,43.51,16.6,3.8,1.0,1.0,7.0,14.0
0,,2025,7,17,1,12,,6,4761,35,53,A1,6.23,39.56,35.71,26.6,3.0,2.0,2.0,26.0,19.0
