年,月,日,競艇場番号,レース番号,距離,天候,風向き,風速,波高,着,艇,登番,モーター,ボート,展示タイム,進入番号,スタートタイミング,レースタイム
2025,07,09,24,1,1800,雨,北東,5,4,1,5,3784,40,75,6.89,5,0.10,1.51.0
2025,07,09,24,1,1800,雨,北東,5,4,2,6,4948,67,13,6.90,6,0.07,1.52.4
2025,07,09,24,1,1800,雨,北東,5,4,3,1,3211,69,23,6.98,1,0.17,1.54.2
2025,07,09,24,1,1800,雨,北東,5,4,4,4,3527,39,18,6.93,4,0.09,1.55.4
2025,07,09,24,1,1800,雨,北東,5,4,5,3,4252,57,62,6.87,3,0.21,
2025,07,09,24,1,1800,雨,北東,5,4,6,2,3224,36,72,6.93,2,0.16,
2025,07,09,24,2,1800,雨,東,2,1,1,1,4498,54,58,6.90,1,0.32,1.52.1
2025,07,09,24,2,1800,雨,東,2,1,2,2,4268,53,68,6.92,2,0.24,1.53.3
2025,07,09,24,2,1800,雨,東,2,1,3,3,4835,45,70,6.94,3,0.18,1.54.0
2025,07,09,24,2,1800,雨,東,2,1,4,5,4837,41,60,6.96,5,0.13,1.54.1
2025,07,09,24,2,1800,雨,東,2,1,5,4,3998,51,11,6.98,4,0.13,
2025,07,09,24,2,1800,雨,東,2,1,6,6,3414,56,34,6.96,6,0.10,
2025,07,09,24,3,1800,雨,北東,3,2,1,1,3843,62,65,6.96,1,0.06,1.51.0
2025,07,09,24,3,1800,雨,北東,3,2,2,5,4644,12,66,6.99,5,0.10,1.52.0
2025,07,09,24,3,1800,雨,北東,3,2,3,4,4956,63,73,6.99,4,0.17,1.53.5
2025,07,09,24,3,1800,雨,北東,3,2,4,2,5032,44,63,6.92,2,0.11,1.54.8
2025,07,09,24,3,1800,雨,北東,3,2,5,3,3748,37,69,7.03,3,0.16,
2025,07,09,24,3,1800,雨,北東,3,2,6,6,5407,68,22,7.02,6,0.19,
2025,07,09,24,4,1800,雨,南東,1,1,1,1,4684,74,59,6.97,1,0.09,1.51.6
2025,07,09,24,4,1800,雨,南東,1,1,2,4,3777,52,77,7.02,4,0.17,1.52.8
2025,07,09,24,4,1800,雨,南東,1,1,3,6,5044,71,61,7.03,6,0.14,1.54.7
2025,07,09,24,4,1800,雨,南東,1,1,4,2,3381,72,74,6.93,2,0.15,1.55.6
2025,07,09,24,4,1800,雨,南東,1,1,5,5,4822,75,14,7.01,5,0.11,
2025,07,09,24,4,1800,雨,南東,1,1,6,3,4327,43,28,6.99,3,0.11,
2025,07,09,24,5,1800,雨,南,1,1,1,1,3853,11,20,6.93,1,0.26,1.49.8
2025,07,09,24,5,1800,雨,南,1,1,2,5,5307,50,33,6.95,5,0.21,1.51.5
2025,07,09,24,5,1800,雨,南,1,1,3,6,4776,48,19,6.96,6,0.20,1.52.8
2025,07,09,24,5,1800,雨,南,1,1,4,2,4362,15,25,6.94,2,0.16,1.54.1
2025,07,09,24,5,1800,雨,南,1,1,5,4,4872,61,67,7.00,4,0.17,
2025,07,09,24,5,1800,雨,南,1,1,6,3,4006,16,16,7.03,3,0.28,
2025,07,09,24,6,1800,曇り,南,1,1,1,4,4252,57,62,6.99,4,0.14,1.51.6
2025,07,09,24,6,1800,曇り,南,1,1,2,2,4600,66,29,7.05,2,0.17,1.52.5
2025,07,09,24,6,1800,曇り,南,1,1,3,1,3995,46,64,7.00,1,0.22,1.54.1
2025,07,09,24,6,1800,曇り,南,1,1,4,6,5309,70,71,6.98,6,0.21,1.55.6
2025,07,09,24,6,1800,曇り,南,1,1,5,5,3294,64,15,7.04,5,0.10,
2025,07,09,24,6,1800,曇り,南,1,1,6,3,3784,40,75,7.04,3,0.19,
2025,07,09,24,7,1800,曇り,南東,1,1,1,1,4148,14,35,7.00,1,0.08,1.51.8
2025,07,09,24,7,1800,曇り,南東,1,1,2,5,3224,36,72,7.03,5,0.05,1.53.3
2025,07,09,24,7,1800,曇り,南東,1,1,3,3,4666,55,27,7.07,3,0.02,1.54.2
2025,07,09,24,7,1800,曇り,南東,1,1,4,6,4839,58,31,7.03,6,0.09,1.54.3
2025,07,09,24,7,1800,曇り,南東,1,1,5,4,4268,53,68,7.02,4,0.06,
2025,07,09,24,7,1800,曇り,南東,1,1,6,2,3998,51,11,7.07,2,0.09,
2025,07,09,24,8,1800,曇り,北東,2,1,1,4,4327,43,28,6.95,4,0.09,1.51.8
2025,07,09,24,8,1800,曇り,北東,2,1,2,1,4116,49,24,6.96,1,0.25,1.52.6
2025,07,09,24,8,1800,曇り,北東,2,1,3,3,4837,41,60,7.03,3,0.11,1.53.9
2025,07,09,24,8,1800,曇り,北東,2,1,4,5,4956,63,73,7.03,5,0.08,1.55.4
2025,07,09,24,8,1800,曇り,北東,2,1,5,6,3211,69,23,7.03,6,0.07,
2025,07,09,24,8,1800,曇り,北東,2,1,6,2,3748,37,69,7.05,2,0.23,
2025,07,09,24,9,1800,曇り,北東,1,1,1,3,3527,39,18,7.02,3,0.11,1.51.3
2025,07,09,24,9,1800,曇り,北東,1,1,2,1,4948,67,13,6.99,1,0.11,1.51.7
2025,07,09,24,9,1800,曇り,北東,1,1,3,5,4835,45,70,7.00,5,0.13,1.52.9
2025,07,09,24,9,1800,曇り,北東,1,1,4,2,4822,75,14,7.03,2,0.14,1.53.8
2025,07,09,24,9,1800,曇り,北東,1,1,5,6,3843,62,65,7.02,6,0.11,
2025,07,09,24,9,1800,曇り,北東,1,1,6,4,5044,71,61,7.02,4,0.11,
2025,07,09,24,10,1800,曇り,北東,1,1,1,1,4776,48,19,6.96,1,0.12,1.50.3
2025,07,09,24,10,1800,曇り,北東,1,1,2,3,5032,44,63,6.96,3,0.16,1.51.5
2025,07,09,24,10,1800,曇り,北東,1,1,3,5,4362,15,25,6.92,5,0.12,1.52.9
2025,07,09,24,10,1800,曇り,北東,1,1,4,2,4684,74,59,6.96,2,0.17,1.53.9
2025,07,09,24,10,1800,曇り,北東,1,1,5,4,3995,46,64,6.96,4,0.13,
2025,07,09,24,10,1800,曇り,北東,1,1,6,6,4498,54,58,6.95,6,0.16,
2025,07,09,24,11,1800,曇り,北東,1,1,1,1,3422,47,78,6.96,1,0.11,1.50.3
2025,07,09,24,11,1800,曇り,北東,1,1,2,3,4757,73,17,7.00,3,0.08,1.51.5
2025,07,09,24,11,1800,曇り,北東,1,1,3,4,4826,13,21,6.94,4,0.08,1.52.6
2025,07,09,24,11,1800,曇り,北東,1,1,4,2,5068,65,12,6.88,2,0.07,1.53.2
2025,07,09,24,11,1800,曇り,北東,1,1,5,5,4688,59,30,6.98,5,0.13,
2025,07,09,24,11,1800,曇り,北東,1,1,6,6,4879,60,32,6.98,6,0.27,
2025,07,09,24,12,1800,曇り,南東,1,1,1,1,4644,12,66,6.99,1,0.18,1.50.4
2025,07,09,24,12,1800,曇り,南東,1,1,2,3,3777,52,77,7.05,3,0.22,1.52.2
2025,07,09,24,12,1800,曇り,南東,1,1,3,5,4600,66,29,6.96,5,0.23,1.53.5
2025,07,09,24,12,1800,曇り,南東,1,1,4,6,4148,14,35,7.02,6,0.30,1.54.6
2025,07,09,24,12,1800,曇り,南東,1,1,5,4,3381,72,74,6.95,4,0.19,
2025,07,09,24,12,1800,曇り,南東,1,1,6,2,3853,11,20,7.01,2,0.23,
2025,07,09,23,1,1800,晴,西,2,2,1,1,4738,28,15,6.76,1,0.15,1.50.2
2025,07,09,23,1,1800,晴,西,2,2,2,3,3604,62,59,6.83,3,0.21,1.54.0
2025,07,09,23,1,1800,晴,西,2,2,3,5,4501,39,13,6.81,5,0.16,1.54.3
2025,07,09,23,1,1800,晴,西,2,2,4,4,4940,25,39,6.82,4,0.16,1.55.8
2025,07,09,23,1,1800,晴,西,2,2,5,6,5367,49,23,6.77,6,0.16,1.59.0
2025,07,09,23,1,1800,晴,西,2,2,6,2,5254,60,1,6.78,2,0.19,1.59.0
2025,07,09,23,2,1800,晴,北,1,1,1,2,4893,17,41,6.78,2,0.14,1.50.5
2025,07,09,23,2,1800,晴,北,1,1,2,4,4891,48,27,6.81,4,0.18,1.51.9
2025,07,09,23,2,1800,晴,北,1,1,3,6,4823,29,40,6.75,6,0.11,1.53.4
2025,07,09,23,2,1800,晴,北,1,1,4,1,5113,16,10,6.78,1,0.18,1.54.7
2025,07,09,23,2,1800,晴,北,1,1,5,3,5192,67,51,6.83,3,0.15,1.56.3
2025,07,09,23,2,1800,晴,北,1,1,6,5,4275,41,26,6.78,5,0.31,1.58.1
2025,07,09,23,3,1800,晴,北,2,2,1,1,5118,23,7,6.78,1,0.23,1.51.2
2025,07,09,23,3,1800,晴,北,2,2,2,4,5370,53,48,6.94,5,0.09,1.54.3
2025,07,09,23,3,1800,晴,北,2,2,3,2,4990,11,30,6.80,2,0.19,1.55.0
2025,07,09,23,3,1800,晴,北,2,2,4,3,4947,19,58,6.82,3,0.24,1.55.2
2025,07,09,23,3,1800,晴,北,2,2,5,6,5387,14,32,6.81,6,0.19,1.57.2
2025,07,09,23,3,1800,晴,北,2,2,6,5,5198,34,22,6.88,4,0.23,1.57.5
2025,07,09,23,4,1800,晴,北,4,4,1,5,4011,52,12,6.79,5,0.07,1.49.7
2025,07,09,23,4,1800,晴,北,4,4,2,1,4642,56,33,6.81,1,0.14,1.51.3
2025,07,09,23,4,1800,晴,北,4,4,3,3,4720,69,4,6.86,3,0.20,1.54.2
2025,07,09,23,4,1800,晴,北,4,4,4,2,4680,55,45,6.83,2,0.22,1.55.6
2025,07,09,23,4,1800,晴,北,4,4,5,6,5389,46,9,6.81,6,0.08,1.57.1
2025,07,09,23,4,1800,晴,北,4,4,6,4,4283,58,43,6.92,4,0.14,1.58.1
2025,07,09,23,5,1800,晴,北,4,4,1,1,4938,70,57,6.83,1,0.17,1.50.4
2025,07,09,23,5,1800,晴,北,4,4,2,3,5155,50,18,6.87,3,0.14,1.51.9
2025,07,09,23,5,1800,晴,北,4,4,3,4,4791,24,24,6.85,4,0.14,1.53.3
2025,07,09,23,5,1800,晴,北,4,4,4,2,4733,51,28,6.82,2,0.25,1.54.7
2025,07,09,23,5,1800,晴,北,4,4,5,6,4924,43,37,6.95,5,0.12,1.56.6
2025,07,09,23,5,1800,晴,北,4,4,6,5,5367,49,23,6.84,6,0.13,1.57.9
2025,07,09,23,6,1800,晴,北,4,4,1,4,5019,42,34,6.86,4,0.09,1.51.1
2025,07,09,23,6,1800,晴,北,4,4,2,1,4893,17,41,6.84,1,0.08,1.52.2
2025,07,09,23,6,1800,晴,北,4,4,3,2,4819,30,25,6.96,2,0.26,1.53.4
2025,07,09,23,6,1800,晴,北,4,4,4,3,3435,12,50,6.94,3,0.14,1.55.2
2025,07,09,23,6,1800,晴,北,4,4,5,5,3604,62,59,6.93,5,0.16,1.56.6
2025,07,09,23,6,1800,晴,北,4,4,6,6,4882,20,42,6.91,6,0.01,1.58.2
2025,07,09,23,7,1800,晴,北,4,4,1,2,5305,18,11,6.96,2,0.11,1.51.0
2025,07,09,23,7,1800,晴,北,4,4,2,5,4738,28,15,6.90,5,0.18,1.53.4
2025,07,09,23,7,1800,晴,北,4,4,3,1,4990,11,30,6.88,1,0.18,1.54.2
2025,07,09,23,7,1800,晴,北,4,4,4,4,4275,41,26,6.93,4,0.13,1.55.8
2025,07,09,23,7,1800,晴,北,4,4,5,6,5148,27,14,6.86,6,0.18,1.55.8
2025,07,09,23,7,1800,晴,北,4,4,6,3,5182,68,38,6.93,3,0.09,1.59.0
2025,07,09,23,8,1800,晴,北,4,4,1,3,5069,22,36,6.85,3,0.09,1.50.9
2025,07,09,23,8,1800,晴,北,4,4,2,2,5118,23,7,6.88,2,0.15,1.52.5
2025,07,09,23,8,1800,晴,北,4,4,3,1,5254,60,1,6.89,1,0.14,1.54.9
2025,07,09,23,8,1800,晴,北,4,4,4,4,3232,63,17,6.98,4,0.17,1.56.0
2025,07,09,23,8,1800,晴,北,4,4,5,5,5192,67,51,6.96,5,0.16,1.57.3
2025,07,09,23,8,1800,晴,北,4,4,6,6,4720,69,4,6.95,6,0.26,2.00.2
2025,07,09,23,9,1800,晴,北,4,4,1,2,4823,29,40,6.85,2,0.09,1.50.9
2025,07,09,23,9,1800,晴,北,4,4,2,4,4373,40,52,6.83,4,0.09,1.51.7
2025,07,09,23,9,1800,晴,北,4,4,3,6,5155,50,18,6.84,6,0.17,1.53.2
2025,07,09,23,9,1800,晴,北,4,4,4,3,4071,61,49,6.84,3,0.11,1.54.4
2025,07,09,23,9,1800,晴,北,4,4,5,1,4940,25,39,6.90,1,0.11,1.56.9
2025,07,09,23,9,1800,晴,北,4,4,6,5,5370,53,48,6.87,5,0.15,1.59.1
2025,07,09,23,10,1800,晴,北,4,4,1,1,4501,39,13,6.89,1,0.08,1.51.4
2025,07,09,23,10,1800,晴,北,4,4,2,2,4746,64,31,6.90,2,0.15,1.52.4
2025,07,09,23,10,1800,晴,北,4,4,3,3,4882,20,42,6.88,3,0.17,1.54.2
2025,07,09,23,10,1800,晴,北,4,4,4,6,4947,19,58,6.91,6,0.16,1.55.6
2025,07,09,23,10,1800,晴,北,4,4,5,5,4642,56,33,6.85,5,0.18,1.57.3
2025,07,09,23,10,1800,晴,北,4,4,6,4,5113,16,10,6.91,4,0.23,2.01.0
2025,07,09,23,11,1800,晴,北,4,4,1,1,4791,24,24,6.90,1,0.13,1.50.4
2025,07,09,23,11,1800,晴,北,4,4,2,3,5019,42,34,6.84,3,0.21,1.52.9
2025,07,09,23,11,1800,晴,北,4,4,3,4,5188,57,16,6.90,4,0.24,1.54.3
2025,07,09,23,11,1800,晴,北,4,4,4,6,4283,58,43,6.93,6,0.15,1.55.1
2025,07,09,23,11,1800,晴,北,4,4,5,2,4891,48,27,6.87,2,0.17,1.55.6
2025,07,09,23,11,1800,晴,北,4,4,6,5,5148,27,14,6.89,5,0.35,1.56.2
2025,07,09,23,12,1800,晴,北,5,5,1,1,3435,12,50,6.90,1,0.07,1.50.2
2025,07,09,23,12,1800,晴,北,5,5,2,6,4011,52,12,6.81,6,0.01,1.51.9
2025,07,09,23,12,1800,晴,北,5,5,3,2,5069,22,36,6.86,2,0.03,1.54.1
2025,07,09,23,12,1800,晴,北,5,5,4,5,4733,51,28,6.80,5,0.04,1.54.4
2025,07,09,23,12,1800,晴,北,5,5,5,3,5198,34,22,6.93,3,0.07,1.56.6
2025,07,09,23,12,1800,晴,北,5,5,6,4,5182,68,38,6.87,4,0.07,1.58.1
2025,07,09,20,1,1800,晴,東,3,3,1,3,4495,52,11,6.95,3,0.20,1.53.2
2025,07,09,20,1,1800,晴,東,3,3,2,1,3273,59,67,6.99,1,0.19,1.54.3
2025,07,09,20,1,1800,晴,東,3,3,3,2,3463,50,23,7.02,2,0.18,1.55.5
2025,07,09,20,1,1800,晴,東,3,3,4,6,3434,11,66,6.97,6,0.12,1.56.2
2025,07,09,20,1,1800,晴,東,3,3,5,4,3430,2,37,6.94,4,0.14,
2025,07,09,20,1,1800,晴,東,3,3,6,5,3804,31,54,6.96,5,0.12,
2025,07,09,20,2,1800,晴,東,3,3,1,3,4124,12,39,6.84,3,0.19,1.52.5
2025,07,09,20,2,1800,晴,東,3,3,2,1,3911,39,34,6.94,1,0.21,1.54.3
2025,07,09,20,2,1800,晴,東,3,3,3,6,4092,33,58,6.97,6,0.16,1.55.2
2025,07,09,20,2,1800,晴,東,3,3,4,2,3454,46,33,6.99,2,0.26,1.56.4
2025,07,09,20,2,1800,晴,東,3,3,5,5,3866,35,61,7.02,5,0.10,
2025,07,09,20,2,1800,晴,東,3,3,6,4,3718,60,29,7.04,4,0.14,
2025,07,09,20,3,1800,晴,東,4,4,1,4,4958,54,45,6.94,4,0.05,1.54.3
2025,07,09,20,3,1800,晴,東,4,4,2,2,4978,22,59,7.00,2,0.07,1.54.9
2025,07,09,20,3,1800,晴,東,4,4,3,6,3286,6,56,6.96,6,0.13,1.56.0
2025,07,09,20,3,1800,晴,東,4,4,4,3,3442,36,16,6.96,3,0.08,1.57.6
2025,07,09,20,3,1800,晴,東,4,4,5,1,4111,62,75,6.99,1,0.12,
2025,07,09,20,3,1800,晴,東,4,4,6,5,4010,56,21,7.02,5,0.07,
2025,07,09,20,4,1800,晴,東,5,5,1,1,4022,42,70,6.96,1,0.05,1.52.8
2025,07,09,20,4,1800,晴,東,5,5,2,2,4083,19,69,7.03,2,0.13,1.54.1
2025,07,09,20,4,1800,晴,東,5,5,3,4,3826,28,25,6.97,4,0.12,1.55.3
2025,07,09,20,4,1800,晴,東,5,5,4,3,3305,17,12,7.00,3,0.14,1.56.5
2025,07,09,20,4,1800,晴,東,5,5,5,5,3615,24,17,6.96,5,0.10,
2025,07,09,20,4,1800,晴,東,5,5,6,6,5372,15,57,6.90,6,0.04,
2025,07,09,20,5,1800,晴,東,5,5,1,1,4650,34,31,6.94,1,0.12,1.52.1
2025,07,09,20,5,1800,晴,東,5,5,2,3,3273,59,67,7.06,3,0.15,1.53.6
2025,07,09,20,5,1800,晴,東,5,5,3,4,4679,30,43,6.93,4,0.16,1.55.5
2025,07,09,20,5,1800,晴,東,5,5,4,2,4293,38,51,7.10,2,0.14,1.56.9
2025,07,09,20,5,1800,晴,東,5,5,5,6,5303,13,46,7.03,6,0.12,
2025,07,09,20,5,1800,晴,東,5,5,6,5,3832,20,63,7.03,5,0.15,
2025,07,09,20,6,1800,晴,東,6,6,1,1,3340,61,64,7.00,1,0.17,1.53.1
2025,07,09,20,6,1800,晴,東,6,6,2,4,4296,18,30,6.95,4,0.08,1.54.6
2025,07,09,20,6,1800,晴,東,6,6,3,3,3855,8,18,7.02,3,0.09,1.55.0
2025,07,09,20,6,1800,晴,東,6,6,4,6,3471,58,49,7.02,6,0.17,1.56.6
2025,07,09,20,6,1800,晴,東,6,6,5,2,3434,11,66,6.97,2,0.12,
2025,07,09,20,6,1800,晴,東,6,6,6,5,3717,55,40,7.07,5,0.12,
2025,07,09,20,7,1800,晴,東,4,4,1,6,4734,37,44,7.00,5,0.02,1.51.3
2025,07,09,20,7,1800,晴,東,4,4,2,2,4079,21,36,7.01,2,0.15,1.53.1
2025,07,09,20,7,1800,晴,東,4,4,3,1,4960,9,74,7.08,1,0.17,1.53.8
2025,07,09,20,7,1800,晴,東,4,4,4,3,3804,31,54,7.07,3,0.11,1.55.7
2025,07,09,20,7,1800,晴,東,4,4,5,5,3461,25,22,7.11,6,0.11,
2025,07,09,20,7,1800,晴,東,4,4,6,4,4111,62,75,7.14,4,0.16,
2025,07,09,20,8,1800,晴,東,4,4,1,1,3849,14,71,6.87,1,0.12,1.51.6
2025,07,09,20,8,1800,晴,東,4,4,2,3,3300,47,41,7.05,3,0.12,1.52.8
2025,07,09,20,8,1800,晴,東,4,4,3,2,4363,53,68,6.96,2,0.11,1.54.9
2025,07,09,20,8,1800,晴,東,4,4,4,4,3911,39,34,7.01,4,0.15,1.55.4
2025,07,09,20,8,1800,晴,東,4,4,5,5,4978,22,59,7.01,5,0.14,
2025,07,09,20,8,1800,晴,東,4,4,6,6,5372,15,57,6.93,6,0.13,
2025,07,09,20,9,1800,晴,東,3,3,1,1,4293,38,51,7.00,1,0.17,1.51.9
2025,07,09,20,9,1800,晴,東,3,3,2,3,3454,46,33,7.00,3,0.21,1.52.6
2025,07,09,20,9,1800,晴,東,3,3,3,2,4042,7,24,6.91,2,0.18,1.53.8
2025,07,09,20,9,1800,晴,東,3,3,4,6,3951,43,48,7.00,6,0.21,1.55.3
2025,07,09,20,9,1800,晴,東,3,3,5,4,4010,56,21,6.98,4,0.28,
2025,07,09,20,9,1800,晴,東,3,3,6,5,3305,17,12,6.98,5,0.20,
2025,07,09,20,10,1800,晴,東,5,5,1,3,4650,34,31,6.89,3,0.13,1.52.1
2025,07,09,20,10,1800,晴,東,5,5,2,4,4092,33,58,6.96,4,0.18,1.55.2
2025,07,09,20,10,1800,晴,東,5,5,3,5,3442,36,16,6.98,6,0.19,1.55.7
2025,07,09,20,10,1800,晴,東,5,5,4,1,4296,18,30,6.92,1,0.07,1.56.5
2025,07,09,20,10,1800,晴,東,5,5,5,6,4083,19,69,7.07,5,0.18,
2025,07,09,20,10,1800,晴,東,5,5,6,2,4495,52,11,6.98,2,0.14,
2025,07,09,20,11,1800,晴,東,4,4,1,3,4079,21,36,6.93,3,0.19,1.52.8
2025,07,09,20,11,1800,晴,東,4,4,2,5,4679,30,43,6.87,5,0.22,1.53.7
2025,07,09,20,11,1800,晴,東,4,4,3,2,3615,24,17,6.95,2,0.21,1.55.8
2025,07,09,20,11,1800,晴,東,4,4,4,4,3855,8,18,7.04,4,0.23,1.56.5
2025,07,09,20,11,1800,晴,東,4,4,5,1,4958,54,45,6.97,1,0.19,
2025,07,09,20,11,1800,晴,東,4,4,6,6,3718,60,29,7.02,6,0.25,
2025,07,09,20,12,1800,晴,東,5,5,1,1,4124,12,39,6.88,1,0.12,1.52.4
2025,07,09,20,12,1800,晴,東,5,5,2,3,4363,53,68,6.99,3,0.13,1.53.3
2025,07,09,20,12,1800,晴,東,5,5,3,5,3826,28,25,7.03,5,0.19,1.54.0
2025,07,09,20,12,1800,晴,東,5,5,4,4,3717,55,40,7.01,4,0.21,1.55.2
2025,07,09,20,12,1800,晴,東,5,5,5,2,3286,6,56,6.99,2,0.14,
2025,07,09,20,12,1800,晴,東,5,5,6,6,3430,2,37,7.05,6,0.22,
2025,07,09,17,1,1800,晴,東,1,1,1,3,4007,19,13,6.79,3,0.12,1.51.3
2025,07,09,17,1,1800,晴,東,1,1,2,1,4529,78,38,6.78,1,0.10,1.52.7
2025,07,09,17,1,1800,晴,東,1,1,3,2,3955,36,77,6.86,2,0.09,1.54.4
2025,07,09,17,1,1800,晴,東,1,1,4,4,5154,15,29,6.82,4,0.12,1.55.2
2025,07,09,17,1,1800,晴,東,1,1,5,5,3928,25,35,6.88,5,0.02,2.00.4
2025,07,09,17,2,1800,晴,東,1,1,1,4,4264,13,61,6.82,4,0.12,1.51.3
2025,07,09,17,2,1800,晴,東,1,1,2,3,3265,29,55,6.82,2,0.18,1.52.7
2025,07,09,17,2,1800,晴,東,1,1,3,1,4164,79,82,6.75,1,0.16,1.54.4
2025,07,09,17,2,1800,晴,東,1,1,4,5,5134,54,27,6.83,5,0.10,1.55.4
2025,07,09,17,2,1800,晴,東,1,1,5,2,4062,71,69,6.81,3,0.22,1.56.7
2025,07,09,17,2,1800,晴,東,1,1,6,6,4180,55,57,6.84,6,0.15,1.58.2
2025,07,09,17,3,1800,晴,東,2,2,1,1,5064,14,75,6.80,1,0.07,1.51.0
2025,07,09,17,3,1800,晴,東,2,2,2,3,5132,16,12,6.85,3,0.05,1.52.2
2025,07,09,17,3,1800,晴,東,2,2,3,5,3950,68,67,6.82,5,0.05,1.54.4
2025,07,09,17,3,1800,晴,東,2,2,4,6,4811,12,14,6.81,6,0.08,1.55.9
2025,07,09,17,3,1800,晴,東,2,2,5,4,4703,75,24,6.82,4,0.04,1.59.9
2025,07,09,17,3,1800,晴,東,2,2,6,2,3834,30,32,6.90,2,0.19,2.02.3
2025,07,09,17,4,1800,晴,南,1,1,1,1,5278,57,17,6.83,1,0.19,1.51.2
2025,07,09,17,4,1800,晴,南,1,1,2,3,3787,27,28,6.79,3,0.18,1.52.8
2025,07,09,17,4,1800,晴,南,1,1,3,5,4445,69,70,6.77,5,0.19,1.54.3
2025,07,09,17,4,1800,晴,南,1,1,4,2,3176,33,53,6.87,2,0.22,1.55.8
2025,07,09,17,4,1800,晴,南,1,1,5,6,4204,20,54,6.72,6,0.28,1.56.3
2025,07,09,17,4,1800,晴,南,1,1,6,4,4260,52,23,6.86,4,0.24,1.59.5
2025,07,09,17,5,1800,晴,南,2,2,1,4,4812,60,81,6.72,4,0.14,1.50.7
2025,07,09,17,5,1800,晴,南,2,2,2,1,4434,53,50,6.77,1,0.10,1.52.4
2025,07,09,17,5,1800,晴,南,2,2,3,5,4514,21,58,6.79,5,0.28,1.54.3
2025,07,09,17,5,1800,晴,南,2,2,4,6,5037,77,56,6.71,6,0.30,1.55.6
2025,07,09,17,5,1800,晴,南,2,2,5,3,4483,76,80,6.78,3,0.15,1.57.3
2025,07,09,17,5,1800,晴,南,2,2,6,2,3928,25,35,6.85,2,0.16,2.02.3
2025,07,09,17,6,1800,晴,南西,3,3,1,1,4973,34,21,6.76,1,0.06,1.50.8
2025,07,09,17,6,1800,晴,南西,3,3,2,6,4516,73,60,6.79,5,0.15,1.51.8
2025,07,09,17,6,1800,晴,南西,3,3,3,3,5014,58,34,6.77,2,0.10,1.54.1
2025,07,09,17,6,1800,晴,南西,3,3,4,2,4601,22,39,6.62,6,0.14,1.54.7
2025,07,09,17,6,1800,晴,南西,3,3,5,4,4213,59,76,6.77,3,0.14,1.57.2
2025,07,09,17,6,1800,晴,南西,3,3,6,5,5011,51,52,6.80,4,0.21,1.58.5
2025,07,09,17,7,1800,晴,南西,2,2,1,3,5041,11,63,6.73,3,0.18,1.50.9
2025,07,09,17,7,1800,晴,南西,2,2,2,6,4096,70,33,6.78,6,0.14,1.52.5
2025,07,09,17,7,1800,晴,南西,2,2,3,4,5134,54,27,6.78,4,0.24,1.53.7
2025,07,09,17,7,1800,晴,南西,2,2,4,1,4727,64,51,6.83,1,0.20,1.55.7
2025,07,09,17,7,1800,晴,南西,2,2,5,5,3834,30,62,6.78,5,0.18,1.56.4
2025,07,09,17,7,1800,晴,南西,2,2,6,2,4007,19,13,6.72,2,0.14,1.59.2
2025,07,09,17,8,1800,晴,南西,2,2,1,1,4873,38,37,6.75,1,0.23,1.50.7
2025,07,09,17,8,1800,晴,南西,2,2,2,5,5154,15,29,6.85,5,0.30,1.52.5
2025,07,09,17,8,1800,晴,南西,2,2,3,2,3950,68,67,6.80,2,0.18,1.54.4
2025,07,09,17,8,1800,晴,南西,2,2,4,6,5417,39,66,6.79,6,0.26,1.56.3
2025,07,09,17,8,1800,晴,南西,2,2,5,3,3176,33,53,6.87,3,0.24,1.58.1
2025,07,09,17,8,1800,晴,南西,2,2,6,4,4062,71,69,6.80,4,0.27,1.59.2
2025,07,09,17,9,1800,晴,南西,3,3,1,1,4812,60,81,6.79,1,0.13,1.51.1
2025,07,09,17,9,1800,晴,南西,3,3,2,4,5064,14,75,6.84,4,0.09,1.52.9
2025,07,09,17,9,1800,晴,南西,3,3,3,5,4143,24,73,6.85,5,0.09,1.54.0
2025,07,09,17,9,1800,晴,南西,3,3,4,3,3955,36,77,6.80,3,0.25,1.55.3
2025,07,09,17,9,1800,晴,南西,3,3,5,2,4332,63,15,6.80,2,0.27,1.55.6
2025,07,09,17,9,1800,晴,南西,3,3,6,6,4260,52,23,6.82,6,0.16,1.58.6
2025,07,09,17,10,1800,晴,南西,2,2,1,3,4445,69,70,6.76,3,0.05,1.50.9
2025,07,09,17,10,1800,晴,南西,2,2,2,4,4483,76,80,6.83,4,0.02,1.51.8
2025,07,09,17,10,1800,晴,南西,2,2,3,5,5278,57,17,6.83,5,0.01,1.54.4
2025,07,09,17,10,1800,晴,南西,2,2,4,6,4601,22,39,6.64,6,0.04,1.55.2
2025,07,09,17,10,1800,晴,南西,2,2,5,2,4529,78,38,6.77,2,0.07,1.55.8
2025,07,09,17,10,1800,晴,南西,2,2,6,1,4811,12,14,6.79,1,0.09,1.57.8
2025,07,09,17,11,1800,晴,南西,3,3,1,6,3265,29,55,6.79,2,0.10,1.51.6
2025,07,09,17,11,1800,晴,南西,3,3,2,2,4703,75,24,6.82,3,0.09,1.52.3
2025,07,09,17,11,1800,晴,南西,3,3,3,4,4973,34,21,6.83,5,0.18,1.53.9
2025,07,09,17,11,1800,晴,南西,3,3,4,1,4096,70,33,6.81,1,0.14,1.55.1
2025,07,09,17,11,1800,晴,南西,3,3,5,5,3787,27,28,6.80,6,0.20,1.55.5
2025,07,09,17,11,1800,晴,南西,3,3,6,3,4434,53,50,6.82,4,0.13,1.57.0
2025,07,09,17,12,1800,晴,南西,3,3,1,1,4516,73,60,6.77,1,0.16,1.50.7
2025,07,09,17,12,1800,晴,南西,3,3,2,2,4514,21,58,6.79,2,0.16,1.51.7
2025,07,09,17,12,1800,晴,南西,3,3,3,3,4264,13,61,6.78,3,0.17,1.53.9
2025,07,09,17,12,1800,晴,南西,3,3,4,4,4873,38,37,6.77,4,0.14,1.55.2
2025,07,09,17,12,1800,晴,南西,3,3,5,5,5132,16,12,6.79,5,0.07,1.56.3
2025,07,09,17,12,1800,晴,南西,3,3,6,6,4727,64,51,6.86,6,0.09,1.58.0
2025,07,09,14,1,1800,晴,南東,2,2,1,1,4596,23,64,6.80,1,0.19,1.50.1
2025,07,09,14,1,1800,晴,南東,2,2,2,2,4965,30,29,6.77,2,0.26,1.51.1
2025,07,09,14,1,1800,晴,南東,2,2,3,5,4942,15,14,6.82,5,0.18,1.52.1
2025,07,09,14,1,1800,晴,南東,2,2,4,6,5151,34,83,6.81,6,0.29,1.53.7
2025,07,09,14,1,1800,晴,南東,2,2,5,4,4081,18,20,6.89,4,0.19,
2025,07,09,14,1,1800,晴,南東,2,2,6,3,5170,55,56,6.83,3,0.34,
2025,07,09,14,2,1800,晴,南東,3,3,1,4,4557,10,28,6.75,4,0.14,1.50.2
2025,07,09,14,2,1800,晴,南東,3,3,2,1,4393,36,78,6.75,1,0.11,1.51.7
2025,07,09,14,2,1800,晴,南東,3,3,3,5,4980,79,21,6.77,5,0.12,1.53.2
2025,07,09,14,2,1800,晴,南東,3,3,4,2,4248,29,13,6.87,2,0.13,1.53.6
2025,07,09,14,2,1800,晴,南東,3,3,5,6,4306,59,69,6.75,6,0.14,
2025,07,09,14,2,1800,晴,南東,3,3,6,3,4385,26,23,6.75,3,0.20,
2025,07,09,14,3,1800,晴,南東,4,4,1,3,4173,11,82,6.86,3,0.24,1.49.6
2025,07,09,14,3,1800,晴,南東,4,4,2,5,4377,17,61,6.82,5,0.26,1.49.9
2025,07,09,14,3,1800,晴,南東,4,4,3,2,5257,63,76,6.79,2,0.21,1.50.1
2025,07,09,14,3,1800,晴,南東,4,4,4,4,3444,31,66,6.81,4,0.37,1.53.3
2025,07,09,14,3,1800,晴,南東,4,4,5,1,4381,57,11,6.76,1,0.28,
2025,07,09,14,3,1800,晴,南東,4,4,6,6,4251,62,33,6.81,6,0.32,
2025,07,09,14,4,1800,晴,東,3,3,1,2,4049,35,53,6.83,2,0.12,1.50.2
2025,07,09,14,4,1800,晴,東,3,3,2,1,4218,38,72,6.77,1,0.16,1.50.6
2025,07,09,14,4,1800,晴,東,3,3,3,5,3284,33,84,6.81,5,0.07,1.53.1
2025,07,09,14,4,1800,晴,東,3,3,4,6,5287,37,31,6.68,6,0.08,1.54.3
2025,07,09,14,4,1800,晴,東,3,3,5,3,4900,52,34,6.80,3,0.16,
2025,07,09,14,4,1800,晴,東,3,3,6,4,4636,51,77,6.80,4,0.08,
2025,07,09,14,5,1800,晴,東,3,3,1,2,4926,24,30,6.76,2,0.15,1.49.2
2025,07,09,14,5,1800,晴,東,3,3,2,3,4077,28,12,6.83,3,0.16,1.50.8
2025,07,09,14,5,1800,晴,東,3,3,3,4,4919,32,39,6.82,4,0.13,1.52.3
2025,07,09,14,5,1800,晴,東,3,3,4,6,4449,76,19,6.68,6,0.29,1.53.9
2025,07,09,14,5,1800,晴,東,3,3,5,5,4183,19,24,6.79,5,0.18,
2025,07,09,14,5,1800,晴,東,3,3,6,1,4463,27,67,6.68,1,0.24,
2025,07,09,14,6,1800,晴,南東,4,4,1,2,4967,81,32,6.74,2,0.11,1.48.5
2025,07,09,14,6,1800,晴,南東,4,4,2,6,5015,50,59,6.91,6,0.06,1.50.2
2025,07,09,14,6,1800,晴,南東,4,4,3,1,4896,72,73,6.81,1,0.15,1.51.2
2025,07,09,14,6,1800,晴,南東,4,4,4,4,4981,67,65,6.84,4,0.07,1.52.3
2025,07,09,14,6,1800,晴,南東,4,4,5,3,3467,16,16,6.78,3,0.08,
2025,07,09,14,6,1800,晴,南東,4,4,6,5,4385,26,23,6.83,5,0.17,
2025,07,09,14,7,1800,晴,東,3,3,1,6,4739,25,38,6.74,3,0.21,1.49.7
2025,07,09,14,7,1800,晴,東,3,3,2,2,5151,34,83,6.71,2,0.21,1.51.8
2025,07,09,14,7,1800,晴,東,3,3,3,3,5086,22,63,6.82,4,0.20,1.52.1
2025,07,09,14,7,1800,晴,東,3,3,4,4,4980,79,21,6.73,5,0.19,1.52.9
2025,07,09,14,7,1800,晴,東,3,3,5,5,3812,39,68,6.78,6,0.14,
2025,07,09,14,7,1800,晴,東,3,3,6,1,3444,31,66,6.77,1,0.33,
2025,07,09,14,8,1800,晴,南東,5,5,1,5,4482,53,81,6.64,5,0.15,1.49.0
2025,07,09,14,8,1800,晴,南東,5,5,2,3,3841,56,75,6.79,3,0.17,1.50.7
2025,07,09,14,8,1800,晴,南東,5,5,3,2,4251,62,33,6.83,2,0.21,1.52.5
2025,07,09,14,8,1800,晴,南東,5,5,4,4,4248,29,13,6.82,4,0.16,1.53.7
2025,07,09,14,8,1800,晴,南東,5,5,5,6,4081,18,20,6.83,6,0.23,
2025,07,09,14,8,1800,晴,南東,5,5,6,1,4636,51,77,6.71,1,0.29,
2025,07,09,14,9,1800,晴,南東,3,3,1,6,3743,21,54,6.81,3,0.19,1.49.1
2025,07,09,14,9,1800,晴,南東,3,3,2,3,4377,17,61,6.81,5,0.11,1.49.5
2025,07,09,14,9,1800,晴,南東,3,3,3,5,4393,36,78,6.84,2,0.22,1.53.4
2025,07,09,14,9,1800,晴,南東,3,3,4,4,5170,55,56,6.77,6,0.17,1.54.6
2025,07,09,14,9,1800,晴,南東,3,3,5,1,4382,64,71,6.75,1,0.20,
2025,07,09,14,9,1800,晴,南東,3,3,6,2,5287,37,31,6.71,4,0.16,
2025,07,09,14,10,1800,晴,東,4,4,1,4,4926,24,30,6.75,4,0.09,1.50.4
2025,07,09,14,10,1800,晴,東,4,4,2,5,4302,58,10,6.77,5,0.06,1.52.1
2025,07,09,14,10,1800,晴,東,4,4,3,1,3528,60,51,6.68,1,0.17,1.53.1
2025,07,09,14,10,1800,晴,東,4,4,4,2,4098,12,17,6.71,2,0.18,1.53.7
2025,07,09,14,10,1800,晴,東,4,4,5,6,4557,10,28,6.79,6,0.09,
2025,07,09,14,10,1800,晴,東,4,4,6,3,3284,33,84,6.78,3,0.16,
2025,07,09,14,11,1800,晴,東,4,4,1,1,4049,35,53,6.74,1,0.08,1.50.0
2025,07,09,14,11,1800,晴,東,4,4,2,2,5015,50,59,6.77,2,0.10,1.50.7
2025,07,09,14,11,1800,晴,東,4,4,3,5,4596,23,64,6.81,5,0.14,1.52.2
2025,07,09,14,11,1800,晴,東,4,4,4,6,5257,63,76,6.89,6,0.12,1.52.6
2025,07,09,14,11,1800,晴,東,4,4,5,3,4183,19,24,6.80,3,0.09,
2025,07,09,14,11,1800,晴,東,4,4,6,4,3812,39,68,6.80,4,0.12,
2025,07,09,14,12,1800,晴,南東,2,2,1,4,4463,27,67,6.85,4,0.11,1.49.2
2025,07,09,14,12,1800,晴,南東,2,2,2,1,4482,53,81,6.70,1,0.10,1.50.5
2025,07,09,14,12,1800,晴,南東,2,2,3,5,4381,57,11,6.80,5,0.04,1.52.0
2025,07,09,14,12,1800,晴,南東,2,2,4,6,4967,81,32,6.88,6,0.06,1.53.5
2025,07,09,14,12,1800,晴,南東,2,2,5,3,4306,59,69,6.85,3,0.04,
2025,07,09,14,12,1800,晴,南東,2,2,6,2,4739,25,38,6.82,2,0.15,
2025,07,09,13,1,1800,晴,西,2,0,1,2,3796,27,38,6.81,2,0.20,1.50.7
2025,07,09,13,1,1800,晴,西,2,0,2,3,3961,6,29,6.88,3,0.19,1.51.8
2025,07,09,13,1,1800,晴,西,2,0,3,1,3852,5,30,6.82,1,0.25,1.52.8
2025,07,09,13,1,1800,晴,西,2,0,4,4,3246,34,21,6.89,4,0.35,1.54.6
2025,07,09,13,1,1800,晴,西,2,0,5,5,3411,21,14,6.87,5,0.36,1.55.9
2025,07,09,13,1,1800,晴,西,2,0,6,6,3600,42,49,6.85,6,0.38,1.57.9
2025,07,09,13,2,1800,晴,南西,3,0,1,1,3514,29,63,6.81,1,0.22,1.50.7
2025,07,09,13,2,1800,晴,南西,3,0,2,3,3931,12,35,6.78,3,0.21,1.51.6
2025,07,09,13,2,1800,晴,南西,3,0,3,5,4108,35,43,6.84,5,0.16,1.54.1
2025,07,09,13,2,1800,晴,南西,3,0,4,4,3377,22,19,6.83,4,0.19,1.55.5
2025,07,09,13,2,1800,晴,南西,3,0,5,6,3353,53,69,6.91,6,0.26,1.56.0
2025,07,09,13,2,1800,晴,南西,3,0,6,2,3820,26,17,6.88,2,0.36,1.56.6
2025,07,09,13,3,1800,晴,西,5,3,1,1,3339,28,36,6.86,1,0.16,1.50.8
2025,07,09,13,3,1800,晴,西,5,3,2,3,3489,44,34,6.91,3,0.18,1.51.9
2025,07,09,13,3,1800,晴,西,5,3,3,4,3875,13,66,6.83,4,0.19,1.53.1
2025,07,09,13,3,1800,晴,西,5,3,4,2,4084,16,56,6.76,2,0.21,1.55.0
2025,07,09,13,3,1800,晴,西,5,3,5,5,3714,14,68,6.87,5,0.20,1.55.0
2025,07,09,13,3,1800,晴,西,5,3,6,6,3915,19,59,6.84,6,0.22,1.56.7
2025,07,09,13,4,1800,晴,南西,4,0,1,1,3935,8,37,6.79,1,0.07,1.50.2
2025,07,09,13,4,1800,晴,南西,4,0,2,4,3473,52,53,6.89,2,0.09,1.51.7
2025,07,09,13,4,1800,晴,南西,4,0,3,2,3988,36,11,6.83,3,0.09,1.54.0
2025,07,09,13,4,1800,晴,南西,4,0,4,3,3878,32,71,6.87,6,0.24,1.54.8
2025,07,09,13,4,1800,晴,南西,4,0,5,6,3432,61,50,6.86,5,0.25,1.56.7
2025,07,09,13,4,1800,晴,南西,4,0,6,5,3612,18,39,6.85,4,0.28,1.59.7
2025,07,09,13,5,1800,晴,南西,6,4,1,2,3556,49,22,6.83,2,0.23,1.50.9
2025,07,09,13,5,1800,晴,南西,6,4,2,5,4025,15,61,6.83,5,0.28,1.52.2
2025,07,09,13,5,1800,晴,南西,6,4,3,4,3226,38,60,6.85,4,0.28,1.54.0
2025,07,09,13,5,1800,晴,南西,6,4,4,3,3912,4,16,6.82,3,0.27,1.54.2
2025,07,09,13,5,1800,晴,南西,6,4,5,1,3482,40,55,6.87,1,0.27,1.54.8
2025,07,09,13,5,1800,晴,南西,6,4,6,6,3497,60,32,6.85,6,0.30,1.57.6
2025,07,09,13,6,1800,晴,南西,5,3,1,1,3716,45,33,6.80,1,0.15,1.50.0
2025,07,09,13,6,1800,晴,南西,5,3,2,3,3257,43,75,6.83,3,0.14,1.51.9
2025,07,09,13,6,1800,晴,南西,5,3,3,5,3850,2,15,6.81,5,0.12,1.53.3
2025,07,09,13,6,1800,晴,南西,5,3,4,6,3931,12,35,6.78,6,0.14,1.54.0
2025,07,09,13,6,1800,晴,南西,5,3,5,4,3548,58,31,6.91,4,0.13,1.56.2
2025,07,09,13,6,1800,晴,南西,5,3,6,2,3600,42,49,6.84,2,0.17,1.57.8
2025,07,09,13,7,1800,晴,西,6,4,1,1,3746,57,48,6.82,1,0.20,1.50.6
2025,07,09,13,7,1800,晴,西,6,4,2,5,4002,55,70,6.81,5,0.16,1.52.5
2025,07,09,13,7,1800,晴,西,6,4,3,3,3875,13,66,6.85,3,0.18,1.53.9
2025,07,09,13,7,1800,晴,西,6,4,4,4,3514,29,63,6.79,4,0.19,1.55.2
2025,07,09,13,7,1800,晴,西,6,4,5,2,3411,21,14,6.89,2,0.23,1.55.4
2025,07,09,13,7,1800,晴,西,6,4,6,6,3686,23,25,6.85,6,0.18,1.56.3
2025,07,09,13,8,1800,晴,南西,6,4,1,1,3158,51,40,6.83,1,0.14,1.50.9
2025,07,09,13,8,1800,晴,南西,6,4,2,4,3960,50,72,6.83,4,0.13,1.52.7
2025,07,09,13,8,1800,晴,南西,6,4,3,6,3352,30,41,6.87,6,0.21,1.53.8
2025,07,09,13,8,1800,晴,南西,6,4,4,5,3852,5,30,6.84,5,0.21,1.55.2
2025,07,09,13,8,1800,晴,南西,6,4,5,3,4108,35,43,6.89,3,0.14,1.56.5
2025,07,09,13,8,1800,晴,南西,6,4,6,2,3517,33,44,6.88,2,0.11,1.57.1
2025,07,09,13,9,1800,晴,西,4,0,1,3,4102,9,13,6.81,3,0.13,1.51.3
2025,07,09,13,9,1800,晴,西,4,0,2,5,3813,41,18,6.87,5,0.19,1.52.0
2025,07,09,13,9,1800,晴,西,4,0,3,4,3482,40,55,6.82,4,0.18,1.53.8
2025,07,09,13,9,1800,晴,西,4,0,4,6,3878,32,71,6.91,6,0.26,1.54.8
2025,07,09,13,9,1800,晴,西,4,0,5,1,3654,25,74,6.82,1,0.23,1.56.3
2025,07,09,13,9,1800,晴,西,4,0,6,2,3956,31,73,6.89,2,0.27,1.56.6
2025,07,09,13,10,1800,晴,南西,5,3,1,2,3612,18,39,6.86,2,0.20,1.51.2
2025,07,09,13,10,1800,晴,南西,5,3,2,1,3304,37,23,6.87,1,0.25,1.52.3
2025,07,09,13,10,1800,晴,南西,5,3,3,6,3961,6,29,6.80,6,0.22,1.52.8
2025,07,09,13,10,1800,晴,南西,5,3,4,5,3912,4,16,6.78,5,0.15,1.53.2
2025,07,09,13,10,1800,晴,南西,5,3,5,3,3850,2,15,6.80,3,0.20,1.56.4
2025,07,09,13,10,1800,晴,南西,5,3,6,4,3489,44,34,6.90,4,0.19,1.57.3
2025,07,09,13,11,1800,晴,西,4,0,1,1,4025,15,61,6.76,1,0.15,1.58.7
2025,07,09,13,11,1800,晴,西,4,0,2,2,3915,19,59,6.82,2,0.19,2.03.9
2025,07,09,13,11,1800,晴,西,4,0,3,3,3548,58,31,6.89,3,0.14,2.05.6
2025,07,09,13,11,1800,晴,西,4,0,4,6,3988,36,11,6.79,6,0.20,2.09.6
2025,07,09,13,11,1800,晴,西,4,0,5,4,3796,27,38,6.82,4,0.16,2.12.8
2025,07,09,13,12,1800,晴,西,7,5,1,1,3960,50,72,6.84,1,0.14,1.50.5
2025,07,09,13,12,1800,晴,西,7,5,2,3,4002,55,70,6.83,3,0.18,1.52.3
2025,07,09,13,12,1800,晴,西,7,5,3,2,3473,52,53,6.88,2,0.21,1.53.5
2025,07,09,13,12,1800,晴,西,7,5,4,4,3556,49,22,6.81,4,0.14,1.54.3
2025,07,09,13,12,1800,晴,西,7,5,5,6,4084,16,56,6.80,6,0.13,1.54.6
2025,07,09,13,12,1800,晴,西,7,5,6,5,3716,45,33,6.85,5,0.12,1.56.6
2025,07,09,11,1,1800,晴,北東,2,2,1,3,4532,37,70,6.82,3,0.05,1.49.0
2025,07,09,11,1,1800,晴,北東,2,2,2,1,4502,34,46,6.73,1,0.12,1.49.1
2025,07,09,11,1,1800,晴,北東,2,2,3,4,4573,40,48,6.81,4,0.15,1.51.9
2025,07,09,11,1,1800,晴,北東,2,2,4,5,4503,49,56,6.84,5,0.17,1.54.4
2025,07,09,11,1,1800,晴,北東,2,2,5,2,4407,47,15,6.81,2,0.13,
2025,07,09,11,1,1800,晴,北東,2,2,6,6,4850,55,64,6.90,6,0.12,
2025,07,09,11,2,1800,晴,北東,2,2,1,4,3941,16,37,6.82,4,0.10,1.49.9
2025,07,09,11,2,1800,晴,北東,2,2,2,1,4177,53,36,6.65,1,0.17,1.52.2
2025,07,09,11,2,1800,晴,北東,2,2,3,5,4611,22,47,6.83,5,0.11,1.53.3
2025,07,09,11,2,1800,晴,北東,2,2,4,6,4030,29,13,6.89,6,0.13,1.54.6
2025,07,09,11,2,1800,晴,北東,2,2,5,3,4245,43,67,6.80,3,0.17,
2025,07,09,11,2,1800,晴,北東,2,2,6,2,3942,18,49,6.77,2,0.20,
2025,07,09,11,3,1800,晴,北東,2,2,1,3,4584,58,41,6.84,4,0.09,1.50.2
2025,07,09,11,3,1800,晴,北東,2,2,2,1,4700,61,53,6.80,1,0.20,1.51.3
2025,07,09,11,3,1800,晴,北東,2,2,3,6,4262,45,11,6.74,6,0.10,1.52.8
2025,07,09,11,3,1800,晴,北東,2,2,4,2,4350,59,40,6.85,3,0.17,1.55.3
2025,07,09,11,3,1800,晴,北東,2,2,5,4,3024,14,43,6.95,2,0.30,
2025,07,09,11,3,1800,晴,北東,2,2,6,5,4169,25,16,6.84,5,0.16,
2025,07,09,11,4,1800,晴,北東,2,2,1,1,4166,50,66,6.70,1,0.11,1.48.8
2025,07,09,11,4,1800,晴,北東,2,2,2,3,4459,60,51,6.80,3,0.11,1.50.3
2025,07,09,11,4,1800,晴,北東,2,2,3,5,4205,62,29,6.67,5,0.10,1.51.9
2025,07,09,11,4,1800,晴,北東,2,2,4,2,3611,63,71,6.78,2,0.13,1.53.6
2025,07,09,11,4,1800,晴,北東,2,2,5,6,4266,15,14,6.82,6,0.11,
2025,07,09,11,4,1800,晴,北東,2,2,6,4,5201,21,31,6.74,4,0.11,
2025,07,09,11,5,1800,晴,北東,3,3,1,3,3952,46,39,6.94,3,0.12,1.50.6
2025,07,09,11,5,1800,晴,北東,3,3,2,1,4174,38,50,6.90,1,0.11,1.51.8
2025,07,09,11,5,1800,晴,北東,3,3,3,6,4320,28,20,6.69,6,0.10,1.53.1
2025,07,09,11,5,1800,晴,北東,3,3,4,5,4159,30,45,6.83,5,0.11,1.54.0
2025,07,09,11,5,1800,晴,北東,3,3,5,4,4865,56,22,6.80,4,0.07,
2025,07,09,11,5,1800,晴,北東,3,3,6,2,3590,23,21,6.83,2,0.14,
2025,07,09,11,6,1800,晴,北東,3,3,1,1,4013,70,63,6.83,1,0.19,1.50.6
2025,07,09,11,6,1800,晴,北東,3,3,2,3,4444,12,38,6.80,3,0.21,1.51.4
2025,07,09,11,6,1800,晴,北東,3,3,3,2,4364,35,52,6.82,2,0.21,1.52.7
2025,07,09,11,6,1800,晴,北東,3,3,4,6,4686,65,24,6.89,6,0.16,1.53.0
2025,07,09,11,6,1800,晴,北東,3,3,5,4,3940,39,59,6.82,4,0.25,
2025,07,09,11,6,1800,晴,北東,3,3,6,5,4407,47,15,6.87,5,0.24,
2025,07,09,11,7,1800,晴,南東,2,2,1,1,4336,32,18,6.84,1,0.14,1.50.6
2025,07,09,11,7,1800,晴,南東,2,2,2,3,4571,26,65,6.67,3,0.17,1.51.8
2025,07,09,11,7,1800,晴,南東,2,2,3,5,4450,31,19,6.88,5,0.17,1.53.3
2025,07,09,11,7,1800,晴,南東,2,2,4,4,4245,43,67,6.88,4,0.21,1.54.1
2025,07,09,11,7,1800,晴,南東,2,2,5,2,4573,40,48,6.81,2,0.16,
2025,07,09,11,7,1800,晴,南東,2,2,6,6,3557,33,17,6.81,6,0.28,
2025,07,09,11,8,1800,晴,東,4,4,1,4,4851,17,61,6.74,4,0.12,1.50.4
2025,07,09,11,8,1800,晴,東,4,4,2,3,4290,41,72,6.77,3,0.15,1.52.1
2025,07,09,11,8,1800,晴,東,4,4,3,5,3941,16,37,6.71,5,0.11,1.53.1
2025,07,09,11,8,1800,晴,東,4,4,4,1,4401,13,23,6.76,1,0.17,1.53.4
2025,07,09,11,8,1800,晴,東,4,4,5,6,5096,69,32,6.80,6,0.12,
2025,07,09,11,8,1800,晴,東,4,4,6,2,4584,58,41,6.72,2,0.25,
2025,07,09,11,9,1800,晴,北,3,3,1,1,4719,57,60,6.77,1,0.02,1.50.3
2025,07,09,11,9,1800,晴,北,3,3,2,3,4262,45,11,6.75,3,0.04,1.50.7
2025,07,09,11,9,1800,晴,北,3,3,3,6,4335,36,62,6.96,6,0.11,1.53.2
2025,07,09,11,9,1800,晴,北,3,3,4,4,4177,53,36,6.74,4,0.07,1.55.4
2025,07,09,11,9,1800,晴,北,3,3,5,5,4256,11,73,6.84,5,0.12,
2025,07,09,11,9,1800,晴,北,3,3,6,2,4685,71,12,6.77,2,0.08,
2025,07,09,11,10,1800,晴,北東,4,3,1,4,3959,44,33,6.87,4,0.10,1.50.0
2025,07,09,11,10,1800,晴,北東,4,3,2,1,4337,52,35,6.69,1,0.13,1.52.4
2025,07,09,11,10,1800,晴,北東,4,3,3,2,4320,28,20,6.62,2,0.17,1.53.4
2025,07,09,11,10,1800,晴,北東,4,3,4,5,4415,73,26,6.75,5,0.15,1.54.0
2025,07,09,11,10,1800,晴,北東,4,3,5,6,4459,60,51,6.79,6,0.19,
2025,07,09,11,10,1800,晴,北東,4,3,6,3,4700,61,53,6.84,3,0.18,
2025,07,09,11,11,1800,晴,北,3,3,1,1,4205,62,29,6.78,1,0.12,1.50.3
2025,07,09,11,11,1800,晴,北,3,3,2,2,4532,37,70,6.88,2,0.15,1.51.1
2025,07,09,11,11,1800,晴,北,3,3,3,3,4013,70,63,6.88,3,0.26,1.53.0
2025,07,09,11,11,1800,晴,北,3,3,4,4,4024,67,28,6.89,4,0.22,1.54.9
2025,07,09,11,11,1800,晴,北,3,3,5,5,4174,38,50,6.92,5,0.24,
2025,07,09,11,11,1800,晴,北,3,3,6,6,3942,18,49,6.85,6,0.23,
2025,07,09,11,12,1800,晴,南西,1,1,1,1,4444,12,38,6.75,1,0.16,1.50.0
2025,07,09,11,12,1800,晴,南西,1,1,2,3,4266,15,14,6.85,3,0.16,1.50.9
2025,07,09,11,12,1800,晴,南西,1,1,3,4,3557,33,17,6.79,4,0.23,1.52.7
2025,07,09,11,12,1800,晴,南西,1,1,4,6,4524,51,69,6.81,6,0.21,1.52.9
2025,07,09,11,12,1800,晴,南西,1,1,5,5,3590,23,21,6.75,5,0.34,
2025,07,09,11,12,1800,晴,南西,1,1,6,2,4030,29,13,6.81,2,0.16,
2025,07,09,10,1,1800,曇り,北西,1,1,1,1,4469,67,28,6.85,1,0.13,1.50.1
2025,07,09,10,1,1800,曇り,北西,1,1,2,4,3535,43,37,6.79,4,0.13,1.52.4
2025,07,09,10,1,1800,曇り,北西,1,1,3,5,3392,61,67,6.87,5,0.14,1.53.4
2025,07,09,10,1,1800,曇り,北西,1,1,4,2,4950,28,61,6.86,2,0.11,1.53.5
2025,07,09,10,1,1800,曇り,北西,1,1,5,3,4167,44,18,6.88,3,0.09,
2025,07,09,10,1,1800,曇り,北西,1,1,6,6,4405,11,47,6.82,6,0.13,
2025,07,09,10,2,1800,曇り,北,1,1,1,1,4983,58,29,6.81,1,0.11,1.50.7
2025,07,09,10,2,1800,曇り,北,1,1,2,5,5065,70,52,6.90,5,0.02,1.51.8
2025,07,09,10,2,1800,曇り,北,1,1,3,4,3361,37,68,6.87,4,0.03,1.53.6
2025,07,09,10,2,1800,曇り,北,1,1,4,3,5302,53,42,6.87,3,0.10,1.53.7
2025,07,09,10,2,1800,曇り,北,1,1,5,2,4298,27,23,6.81,2,0.13,
2025,07,09,10,2,1800,曇り,北,1,1,6,6,5375,69,12,6.87,6,0.08,
2025,07,09,10,3,1800,曇り,北,1,1,1,1,4384,57,54,6.88,1,0.09,1.51.8
2025,07,09,10,3,1800,曇り,北,1,1,2,3,4674,24,22,6.84,3,0.06,1.52.5
2025,07,09,10,3,1800,曇り,北,1,1,3,6,3982,13,50,6.87,5,0.04,1.54.0
2025,07,09,10,3,1800,曇り,北,1,1,4,2,3710,55,63,6.85,2,0.12,1.54.3
2025,07,09,10,3,1800,曇り,北,1,1,5,5,3350,34,21,6.96,4,0.11,
2025,07,09,10,3,1800,曇り,北,1,1,6,4,5383,51,58,6.82,6,0.22,
2025,07,09,10,4,1800,曇り,北西,2,2,1,2,3643,29,70,6.85,2,0.18,1.50.9
2025,07,09,10,4,1800,曇り,北西,2,2,2,4,3532,22,15,6.72,3,0.15,1.51.1
2025,07,09,10,4,1800,曇り,北西,2,2,3,1,4156,68,35,6.87,1,0.21,1.53.7
2025,07,09,10,4,1800,曇り,北西,2,2,4,6,4934,18,53,6.82,6,0.10,1.54.7
2025,07,09,10,4,1800,曇り,北西,2,2,5,3,3975,48,46,6.83,4,0.15,
2025,07,09,10,4,1800,曇り,北西,2,2,6,5,5143,19,32,6.83,5,0.15,
2025,07,09,10,5,1800,晴,北西,3,3,1,3,4535,54,40,6.77,3,0.17,1.50.6
2025,07,09,10,5,1800,晴,北西,3,3,2,1,3606,39,45,6.82,1,0.19,1.53.2
2025,07,09,10,5,1800,晴,北西,3,3,3,5,4950,28,61,6.87,5,0.19,1.54.1
2025,07,09,10,5,1800,晴,北西,3,3,4,2,3825,56,62,6.85,2,0.17,1.54.6
2025,07,09,10,5,1800,晴,北西,3,3,5,6,5229,62,25,6.82,6,0.24,
2025,07,09,10,5,1800,晴,北西,3,3,6,4,4723,30,43,6.79,4,0.18,
2025,07,09,10,6,1800,晴,北西,3,3,1,1,4346,46,66,6.85,1,0.13,1.51.7
2025,07,09,10,6,1800,晴,北西,3,3,2,4,4863,31,26,6.89,6,0.09,1.52.6
2025,07,09,10,6,1800,晴,北西,3,3,3,3,4405,11,47,6.86,3,0.12,1.53.8
2025,07,09,10,6,1800,晴,北西,3,3,4,5,3558,42,44,6.90,4,0.08,1.54.4
2025,07,09,10,6,1800,晴,北西,3,3,5,6,4359,32,33,6.99,5,0.05,
2025,07,09,10,6,1800,晴,北西,3,3,6,2,4404,65,13,6.97,2,0.15,
2025,07,09,10,7,1800,晴,北西,4,4,1,1,3788,26,11,6.86,1,0.09,1.51.6
2025,07,09,10,7,1800,晴,北西,4,4,2,2,5065,70,52,6.89,2,0.08,1.52.4
2025,07,09,10,7,1800,晴,北西,4,4,3,5,3710,55,63,6.88,5,0.17,1.53.2
2025,07,09,10,7,1800,晴,北西,4,4,4,4,4167,44,18,6.85,4,0.14,1.55.0
2025,07,09,10,7,1800,晴,北西,4,4,5,3,5355,41,57,6.91,3,0.10,
2025,07,09,10,7,1800,晴,北西,4,4,6,6,5383,51,58,6.79,6,0.21,
2025,07,09,10,8,1800,晴,北西,3,3,1,1,3957,35,20,6.89,1,0.17,1.51.0
2025,07,09,10,8,1800,晴,北西,3,3,2,2,3350,34,21,6.99,2,0.16,1.52.2
2025,07,09,10,8,1800,晴,北西,3,3,3,5,4469,67,28,6.94,5,0.16,1.53.8
2025,07,09,10,8,1800,晴,北西,3,3,4,3,3361,37,68,6.92,3,0.21,1.55.1
2025,07,09,10,8,1800,晴,北西,3,3,5,4,5143,19,32,6.89,4,0.17,
2025,07,09,10,8,1800,晴,北西,3,3,6,6,4156,68,35,6.88,6,0.29,
2025,07,09,10,9,1800,晴,北,3,3,1,1,4934,18,53,6.85,1,0.10,1.51.9
2025,07,09,10,9,1800,晴,北,3,3,2,2,3392,61,67,6.86,2,0.17,1.52.9
2025,07,09,10,9,1800,晴,北,3,3,3,4,3975,48,46,6.94,4,0.11,1.54.5
2025,07,09,10,9,1800,晴,北,3,3,4,3,4723,30,43,6.85,3,0.15,1.55.6
2025,07,09,10,9,1800,晴,北,3,3,5,5,5302,53,42,6.91,5,0.16,
2025,07,09,10,9,1800,晴,北,3,3,6,6,3606,39,45,6.86,6,0.22,
2025,07,09,10,10,1800,晴,北,3,3,1,1,4359,32,33,6.94,1,0.16,1.51.7
2025,07,09,10,10,1800,晴,北,3,3,2,2,4535,54,40,6.91,2,0.21,1.53.0
2025,07,09,10,10,1800,晴,北,3,3,3,3,3535,43,37,6.79,3,0.18,1.54.7
2025,07,09,10,10,1800,晴,北,3,3,4,4,4384,57,54,6.93,4,0.20,1.55.0
2025,07,09,10,10,1800,晴,北,3,3,5,5,4298,27,23,6.91,5,0.13,
2025,07,09,10,10,1800,晴,北,3,3,6,6,4346,46,66,6.91,6,0.13,
2025,07,09,10,11,1800,晴,北西,4,4,1,1,5229,62,25,6.90,1,0.05,1.51.1
2025,07,09,10,11,1800,晴,北西,4,4,2,2,4674,24,22,6.87,2,0.06,1.53.1
2025,07,09,10,11,1800,晴,北西,4,4,3,5,3643,29,70,6.90,5,0.08,1.55.5
2025,07,09,10,11,1800,晴,北西,4,4,4,3,3532,22,15,6.84,3,0.07,1.55.5
2025,07,09,10,11,1800,晴,北西,4,4,5,4,4983,58,29,6.87,4,0.07,
2025,07,09,10,11,1800,晴,北西,4,4,6,6,3788,26,11,6.84,6,0.08,
2025,07,09,10,12,1800,晴,北西,3,3,1,3,4877,66,51,6.83,3,0.10,1.50.4
2025,07,09,10,12,1800,晴,北西,3,3,2,4,3978,12,69,6.81,4,0.11,1.51.4
2025,07,09,10,12,1800,晴,北西,3,3,3,5,5066,16,55,6.86,5,0.13,1.52.9
2025,07,09,10,12,1800,晴,北西,3,3,4,2,4230,23,72,6.83,2,0.13,1.53.7
2025,07,09,10,12,1800,晴,北西,3,3,5,1,4418,33,39,6.75,1,0.13,
2025,07,09,10,12,1800,晴,北西,3,3,6,6,4175,20,19,6.92,6,0.13,
2025,07,09,08,1,1800,晴,南,2,0,1,1,4470,54,69,6.86,1,0.08,1.50.2
2025,07,09,08,1,1800,晴,南,2,0,2,2,5085,22,39,6.82,2,0.12,1.52.1
2025,07,09,08,1,1800,晴,南,2,0,3,3,5047,45,73,6.83,3,0.16,1.53.6
2025,07,09,08,1,1800,晴,南,2,0,4,4,4289,52,15,6.78,4,0.09,1.54.6
2025,07,09,08,1,1800,晴,南,2,0,5,6,4618,14,61,6.89,6,0.14,
2025,07,09,08,1,1800,晴,南,2,0,6,5,4301,16,33,6.93,5,0.11,
2025,07,09,08,2,1800,晴,南西,1,0,1,2,4121,59,35,6.82,3,0.18,1.51.1
2025,07,09,08,2,1800,晴,南西,1,0,2,5,3542,1,56,6.88,2,0.12,1.52.0
2025,07,09,08,2,1800,晴,南西,1,0,3,6,4598,44,38,6.87,5,0.21,1.53.5
2025,07,09,08,2,1800,晴,南西,1,0,4,3,4766,55,25,6.81,4,0.15,1.54.7
2025,07,09,08,2,1800,晴,南西,1,0,5,1,5153,17,12,6.79,1,0.27,
2025,07,09,08,2,1800,晴,南西,1,0,6,4,5380,10,40,6.82,6,0.25,
2025,07,09,08,3,1800,晴,南西,2,0,1,1,4358,6,44,6.75,1,0.19,1.51.0
2025,07,09,08,3,1800,晴,南西,2,0,2,2,4053,12,37,6.81,2,0.18,1.52.7
2025,07,09,08,3,1800,晴,南西,2,0,3,5,4817,15,75,6.82,5,0.37,1.54.0
2025,07,09,08,3,1800,晴,南西,2,0,4,3,4803,3,67,6.80,4,0.26,1.55.5
2025,07,09,08,3,1800,晴,南西,2,0,5,4,3870,47,36,6.89,3,0.23,
2025,07,09,08,3,1800,晴,南西,2,0,6,6,5362,61,24,6.86,6,0.30,
2025,07,09,08,4,1800,晴,南西,2,0,1,1,4329,19,41,6.74,1,0.12,1.51.3
2025,07,09,08,4,1800,晴,南西,2,0,2,2,4448,5,68,6.81,2,0.12,1.51.9
2025,07,09,08,4,1800,晴,南西,2,0,3,5,4076,56,11,6.82,5,0.21,1.54.1
2025,07,09,08,4,1800,晴,南西,2,0,4,3,4253,35,46,6.83,3,0.14,1.55.4
2025,07,09,08,4,1800,晴,南西,2,0,5,4,4367,28,42,6.84,4,0.27,
2025,07,09,08,4,1800,晴,南西,2,0,6,6,3776,30,34,6.86,6,0.23,
2025,07,09,08,5,1800,曇り,南,2,0,1,1,4876,31,26,6.79,1,0.17,1.50.2
2025,07,09,08,5,1800,曇り,南,2,0,2,2,4931,58,54,6.81,2,0.15,1.51.0
2025,07,09,08,5,1800,曇り,南,2,0,3,5,4427,53,14,6.75,5,0.16,1.53.9
2025,07,09,08,5,1800,曇り,南,2,0,4,6,3539,9,20,6.84,6,0.13,1.55.4
2025,07,09,08,5,1800,曇り,南,2,0,5,3,4618,14,61,6.83,3,0.13,
2025,07,09,08,5,1800,曇り,南,2,0,6,4,3652,32,18,6.87,4,0.13,
2025,07,09,08,6,1800,晴,南,3,1,1,1,3999,27,48,6.82,1,0.15,1.50.9
2025,07,09,08,6,1800,晴,南,3,1,2,4,4878,33,60,6.80,4,0.14,1.52.1
2025,07,09,08,6,1800,晴,南,3,1,3,3,5218,48,59,6.77,3,0.13,1.52.6
2025,07,09,08,6,1800,晴,南,3,1,4,6,4289,52,15,6.80,5,0.15,1.53.2
2025,07,09,08,6,1800,晴,南,3,1,5,2,5153,17,12,6.81,2,0.25,
2025,07,09,08,6,1800,晴,南,3,1,6,5,5357,57,49,6.81,6,0.21,
2025,07,09,08,7,1800,晴,南西,3,1,1,5,4470,54,69,6.83,1,0.06,1.51.3
2025,07,09,08,7,1800,晴,南西,3,1,2,4,3663,18,53,6.84,5,0.20,1.52.7
2025,07,09,08,7,1800,晴,南西,3,1,3,2,4951,24,19,6.86,4,0.20,1.54.8
2025,07,09,08,7,1800,晴,南西,3,1,4,1,4803,3,67,6.84,2,0.35,1.55.3
2025,07,09,08,7,1800,晴,南西,3,1,5,3,4957,29,22,6.83,3,0.39,
2025,07,09,08,7,1800,晴,南西,3,1,6,6,5380,10,40,6.81,6,0.27,
2025,07,09,08,8,1800,晴,南西,3,1,1,2,3613,20,70,6.80,2,0.17,1.51.5
2025,07,09,08,8,1800,晴,南西,3,1,2,1,4766,55,25,6.79,1,0.18,1.52.4
2025,07,09,08,8,1800,晴,南西,3,1,3,5,3946,23,65,6.83,3,0.23,1.53.6
2025,07,09,08,8,1800,晴,南西,3,1,4,4,4380,62,16,6.79,5,0.20,1.55.7
2025,07,09,08,8,1800,晴,南西,3,1,5,6,4253,35,46,6.85,6,0.33,
2025,07,09,08,8,1800,晴,南西,3,1,6,3,3870,47,36,6.83,4,0.18,
2025,07,09,08,9,1800,晴,南,3,1,1,1,4076,56,11,6.86,1,0.20,1.51.4
2025,07,09,08,9,1800,晴,南,3,1,2,2,4358,6,44,6.80,2,0.23,1.52.8
2025,07,09,08,9,1800,晴,南,3,1,3,5,4598,44,38,6.87,5,0.19,1.54.0
2025,07,09,08,9,1800,晴,南,3,1,4,3,4158,25,43,6.85,3,0.19,1.55.4
2025,07,09,08,9,1800,晴,南,3,1,5,4,5283,21,27,6.87,4,0.16,
2025,07,09,08,9,1800,晴,南,3,1,6,6,5085,22,39,6.84,6,0.18,
2025,07,09,08,10,1800,晴,南,3,1,1,1,4427,53,14,6.76,1,0.05,1.49.5
2025,07,09,08,10,1800,晴,南,3,1,2,4,4329,19,41,6.84,4,0.14,1.51.6
2025,07,09,08,10,1800,晴,南,3,1,3,6,4053,12,37,6.84,6,0.19,1.53.5
2025,07,09,08,10,1800,晴,南,3,1,4,5,4593,42,74,6.81,5,0.15,1.53.5
2025,07,09,08,10,1800,晴,南,3,1,5,2,4301,16,33,6.88,2,0.14,
2025,07,09,08,10,1800,晴,南,3,1,6,3,3542,1,56,6.88,3,0.12,
2025,07,09,08,11,1800,晴,南,3,1,1,1,4448,5,68,6.80,1,0.13,1.50.0
2025,07,09,08,11,1800,晴,南,3,1,2,2,4817,15,75,6.79,2,0.14,1.52.1
2025,07,09,08,11,1800,晴,南,3,1,3,4,4931,58,54,6.87,4,0.14,1.53.2
2025,07,09,08,11,1800,晴,南,3,1,4,6,5047,45,73,6.88,6,0.19,1.54.8
2025,07,09,08,11,1800,晴,南,3,1,5,3,4951,24,19,6.89,3,0.15,
2025,07,09,08,11,1800,晴,南,3,1,6,5,3999,27,48,6.83,5,0.11,
2025,07,09,08,12,1800,晴,南,3,1,1,3,4824,34,66,6.78,3,0.04,1.49.7
2025,07,09,08,12,1800,晴,南,3,1,2,1,3946,23,65,6.79,1,0.05,1.51.0
2025,07,09,08,12,1800,晴,南,3,1,3,6,5218,48,59,6.78,6,0.03,1.52.9
2025,07,09,08,12,1800,晴,南,3,1,4,5,4121,59,35,6.81,5,0.04,1.54.6
2025,07,09,08,12,1800,晴,南,3,1,5,4,4583,39,28,6.82,4,0.03,
2025,07,09,08,12,1800,晴,南,3,1,6,2,3539,9,20,6.86,2,0.06,
2025,07,09,07,1,1800,晴,南西,3,1,1,3,4778,13,33,6.74,3,0.17,1.51.7
2025,07,09,07,1,1800,晴,南西,3,1,2,5,4003,74,15,6.66,5,0.19,1.52.8
2025,07,09,07,1,1800,晴,南西,3,1,3,1,3687,75,30,6.63,1,0.16,1.54.5
2025,07,09,07,1,1800,晴,南西,3,1,4,4,3614,26,36,6.74,4,0.19,1.56.0
2025,07,09,07,1,1800,晴,南西,3,1,5,2,4152,15,72,6.74,2,0.21,
2025,07,09,07,1,1800,晴,南西,3,1,6,6,5354,40,34,6.75,6,0.24,
2025,07,09,07,2,1800,晴,南西,3,1,1,1,4458,50,49,6.64,1,0.11,1.51.4
2025,07,09,07,2,1800,晴,南西,3,1,2,2,2878,55,29,6.75,2,0.13,1.52.6
2025,07,09,07,2,1800,晴,南西,3,1,3,6,4594,70,73,6.69,6,0.04,1.53.5
2025,07,09,07,2,1800,晴,南西,3,1,4,3,3838,54,38,6.71,3,0.13,1.54.1
2025,07,09,07,2,1800,晴,南西,3,1,5,5,3685,24,62,6.72,5,0.05,
2025,07,09,07,2,1800,晴,南西,3,1,6,4,5039,60,57,6.76,4,0.05,
2025,07,09,07,3,1800,晴,南西,3,1,1,1,3771,48,28,6.66,1,0.20,1.50.3
2025,07,09,07,3,1800,晴,南西,3,1,2,3,4435,21,54,6.76,3,0.17,1.51.6
2025,07,09,07,3,1800,晴,南西,3,1,3,6,3833,72,64,6.66,5,0.09,1.53.8
2025,07,09,07,3,1800,晴,南西,3,1,4,5,5353,14,71,6.72,6,0.15,1.55.9
2025,07,09,07,3,1800,晴,南西,3,1,5,2,4888,73,52,6.68,2,0.19,
2025,07,09,07,3,1800,晴,南西,3,1,6,4,4648,29,74,6.68,4,0.12,
2025,07,09,07,4,1800,晴,南東,3,1,1,1,4257,16,75,6.67,1,0.11,1.50.3
2025,07,09,07,4,1800,晴,南東,3,1,2,4,3502,59,69,6.68,4,0.15,1.51.7
2025,07,09,07,4,1800,晴,南東,3,1,3,5,4842,27,12,6.71,5,0.15,1.53.0
2025,07,09,07,4,1800,晴,南東,3,1,4,2,3966,64,39,6.68,2,0.27,1.53.9
2025,07,09,07,4,1800,晴,南東,3,1,5,6,4039,63,55,6.70,6,0.18,
2025,07,09,07,4,1800,晴,南東,3,1,6,3,4142,39,37,6.69,3,0.19,
2025,07,09,07,5,1800,晴,南東,3,1,1,3,3550,34,70,6.70,3,0.14,1.50.6
2025,07,09,07,5,1800,晴,南東,3,1,2,6,4760,35,24,6.71,4,0.18,1.51.9
2025,07,09,07,5,1800,晴,南東,3,1,3,1,4782,25,21,6.76,1,0.11,1.53.3
2025,07,09,07,5,1800,晴,南東,3,1,4,5,3920,49,66,6.77,2,0.09,1.53.8
2025,07,09,07,5,1800,晴,南東,3,1,5,2,4552,22,61,6.78,5,0.13,
2025,07,09,07,5,1800,晴,南東,3,1,6,4,5381,32,13,6.70,6,0.15,
2025,07,09,07,6,1800,晴,南東,2,1,1,1,4342,62,22,6.75,1,0.18,1.50.0
2025,07,09,07,6,1800,晴,南東,2,1,2,5,4587,19,68,6.82,4,0.15,1.53.0
2025,07,09,07,6,1800,晴,南東,2,1,3,2,4794,76,58,6.74,2,0.26,1.54.5
2025,07,09,07,6,1800,晴,南東,2,1,4,3,4277,43,25,6.78,3,0.22,1.56.2
2025,07,09,07,6,1800,晴,南東,2,1,5,4,4540,36,77,6.77,5,0.13,
2025,07,09,07,6,1800,晴,南東,2,1,6,6,5354,40,34,6.86,6,0.19,
2025,07,09,07,7,1800,晴,南東,2,1,1,1,4276,45,27,6.69,1,0.11,1.50.6
2025,07,09,07,7,1800,晴,南東,2,1,2,4,4036,18,63,6.72,4,0.11,1.53.0
2025,07,09,07,7,1800,晴,南東,2,1,3,3,4003,74,15,6.68,3,0.09,1.54.0
2025,07,09,07,7,1800,晴,南東,2,1,4,6,5353,14,71,6.68,6,0.17,1.54.9
2025,07,09,07,7,1800,晴,南東,2,1,5,2,3268,23,51,6.69,2,0.16,
2025,07,09,07,7,1800,晴,南東,2,1,6,5,4458,50,49,6.70,5,0.15,
2025,07,09,07,8,1800,晴,南東,2,1,1,3,3614,26,36,6.77,3,0.10,1.50.6
2025,07,09,07,8,1800,晴,南東,2,1,2,2,4500,37,23,6.69,2,0.11,1.50.9
2025,07,09,07,8,1800,晴,南東,2,1,3,4,4988,61,67,6.80,4,0.09,1.54.1
2025,07,09,07,8,1800,晴,南東,2,1,4,5,3838,54,38,6.78,5,0.17,1.54.3
2025,07,09,07,8,1800,晴,南東,2,1,5,1,4648,29,60,6.71,1,0.15,
2025,07,09,07,8,1800,晴,南東,2,1,6,6,4563,77,76,6.75,6,0.20,
2025,07,09,07,9,1800,晴,南東,2,1,1,1,4706,57,32,6.71,1,0.22,1.51.1
2025,07,09,07,9,1800,晴,南東,2,1,2,3,3655,69,20,6.77,3,0.20,1.51.8
2025,07,09,07,9,1800,晴,南東,2,1,3,2,3685,24,62,6.70,2,0.20,1.53.8
2025,07,09,07,9,1800,晴,南東,2,1,4,6,4152,15,72,6.73,6,0.27,1.54.6
2025,07,09,07,9,1800,晴,南東,2,1,5,5,3965,20,11,6.81,5,0.22,
2025,07,09,07,9,1800,晴,南東,2,1,6,4,4257,16,75,6.74,4,0.20,
2025,07,09,07,10,1800,晴,南東,2,1,1,1,3362,11,26,6.84,1,0.08,1.50.5
2025,07,09,07,10,1800,晴,南東,2,1,2,2,4842,27,12,6.84,2,0.11,1.51.9
2025,07,09,07,10,1800,晴,南東,2,1,3,5,4888,73,52,6.74,5,0.21,1.53.5
2025,07,09,07,10,1800,晴,南東,2,1,4,3,4540,36,77,6.83,3,0.10,1.55.0
2025,07,09,07,10,1800,晴,南東,2,1,5,4,3687,75,30,6.84,4,0.11,
2025,07,09,07,10,1800,晴,南東,2,1,6,6,2878,55,29,6.80,6,0.15,
2025,07,09,07,11,1800,晴,南東,2,1,1,1,4036,18,63,6.80,1,0.16,1.50.8
2025,07,09,07,11,1800,晴,南東,2,1,2,5,4435,21,54,6.86,5,0.23,1.51.7
2025,07,09,07,11,1800,晴,南東,2,1,3,4,4594,70,73,6.89,4,0.20,1.53.1
2025,07,09,07,11,1800,晴,南東,2,1,4,3,3502,59,69,6.77,3,0.15,1.54.3
2025,07,09,07,11,1800,晴,南東,2,1,5,2,4587,19,68,6.83,2,0.14,
2025,07,09,07,11,1800,晴,南東,2,1,6,6,4552,22,61,6.72,6,0.26,
2025,07,09,07,12,1800,晴,南東,2,1,1,4,4276,45,27,6.84,4,0.13,1.49.2
2025,07,09,07,12,1800,晴,南東,2,1,2,1,4500,37,23,6.79,1,0.18,1.51.3
2025,07,09,07,12,1800,晴,南東,2,1,3,6,4794,76,58,6.76,6,0.12,1.53.8
2025,07,09,07,12,1800,晴,南東,2,1,4,3,4760,35,24,6.79,3,0.18,1.54.4
2025,07,09,07,12,1800,晴,南東,2,1,5,2,3833,72,64,6.85,2,0.20,
2025,07,09,07,12,1800,晴,南東,2,1,6,5,3966,64,39,6.82,5,0.25,
2025,07,09,05,1,1800,晴,南東,2,2,1,2,5054,19,38,6.81,2,0.22,1.50.5
2025,07,09,05,1,1800,晴,南東,2,2,2,1,4676,42,67,6.85,1,0.18,1.52.8
2025,07,09,05,1,1800,晴,南東,2,2,3,5,4114,35,66,6.81,5,0.24,1.53.5
2025,07,09,05,1,1800,晴,南東,2,2,4,6,4432,46,40,6.86,6,0.21,1.53.9
2025,07,09,05,1,1800,晴,南東,2,2,5,3,4672,39,60,6.86,3,0.27,
2025,07,09,05,1,1800,晴,南東,2,2,6,4,5344,21,27,6.90,4,0.23,
2025,07,09,05,2,1800,晴,南東,2,2,1,3,4140,18,36,6.78,3,0.23,1.50.9
2025,07,09,05,2,1800,晴,南東,2,2,2,2,4664,73,82,6.77,2,0.25,1.52.0
2025,07,09,05,2,1800,晴,南東,2,2,3,1,3630,15,39,6.78,1,0.16,1.54.0
2025,07,09,05,2,1800,晴,南東,2,2,4,6,4210,60,62,6.80,6,0.22,1.54.1
2025,07,09,05,2,1800,晴,南東,2,2,5,4,5070,63,45,6.82,4,0.26,
2025,07,09,05,2,1800,晴,南東,2,2,6,5,4031,23,53,6.82,5,0.21,
2025,07,09,05,3,1800,晴,南西,2,2,1,5,4109,30,22,6.77,5,0.07,1.49.8
2025,07,09,05,3,1800,晴,南西,2,2,2,3,4538,37,33,6.81,3,0.14,1.51.4
2025,07,09,05,3,1800,晴,南西,2,2,3,6,5023,29,81,6.77,6,0.09,1.53.0
2025,07,09,05,3,1800,晴,南西,2,2,4,1,5082,59,37,6.72,1,0.21,1.54.1
2025,07,09,05,3,1800,晴,南西,2,2,5,2,4633,25,70,6.79,2,0.18,
2025,07,09,05,3,1800,晴,南西,2,2,6,4,5371,33,63,6.75,4,0.19,
2025,07,09,05,4,1800,晴,南東,2,2,1,4,3692,36,68,6.82,5,0.14,1.51.6
2025,07,09,05,4,1800,晴,南東,2,2,2,6,5211,32,71,6.85,6,0.15,1.52.4
2025,07,09,05,4,1800,晴,南東,2,2,3,2,4356,68,42,6.79,2,0.22,1.53.0
2025,07,09,05,4,1800,晴,南東,2,2,4,1,3708,12,24,6.85,1,0.21,1.54.8
2025,07,09,05,4,1800,晴,南東,2,2,5,3,4105,28,73,6.84,3,0.27,
2025,07,09,05,4,1800,晴,南東,2,2,6,5,3554,40,83,6.86,4,0.34,
2025,07,09,05,5,1800,晴,南,3,2,1,5,4391,13,84,6.87,5,0.18,1.51.2
2025,07,09,05,5,1800,晴,南,3,2,2,3,4676,42,67,6.83,3,0.12,1.52.7
2025,07,09,05,5,1800,晴,南,3,2,3,2,4635,45,28,6.84,2,0.11,1.54.3
2025,07,09,05,5,1800,晴,南,3,2,4,6,3831,38,57,6.79,6,0.18,1.54.9
2025,07,09,05,5,1800,晴,南,3,2,5,4,4207,31,77,6.78,4,0.12,
2025,07,09,05,5,1800,晴,南,3,2,6,1,5300,65,26,6.85,1,0.25,
2025,07,09,05,6,1800,晴,南東,3,2,1,2,4828,20,32,6.81,2,0.12,1.50.2
2025,07,09,05,6,1800,晴,南東,3,2,2,6,4051,58,54,6.86,6,0.26,1.51.3
2025,07,09,05,6,1800,晴,南東,3,2,3,3,4664,73,82,6.79,3,0.10,1.52.8
2025,07,09,05,6,1800,晴,南東,3,2,4,4,3713,27,41,6.79,4,0.11,1.54.0
2025,07,09,05,6,1800,晴,南東,3,2,5,1,3775,47,64,6.85,1,0.25,
2025,07,09,05,6,1800,晴,南東,3,2,6,5,5344,21,27,6.85,5,0.19,
2025,07,09,05,7,1800,晴,南東,3,2,1,1,4140,18,36,6.85,1,0.13,2.02.1
2025,07,09,05,7,1800,晴,南東,3,2,2,3,4199,52,47,6.77,3,0.08,2.04.2
2025,07,09,05,7,1800,晴,南東,3,2,3,5,4672,39,60,6.90,5,0.11,2.07.6
2025,07,09,05,7,1800,晴,南東,3,2,4,6,4113,54,44,6.84,6,0.09,2.11.3
2025,07,09,05,8,1800,晴,南,3,2,1,1,4086,64,55,6.74,1,0.16,1.49.8
2025,07,09,05,8,1800,晴,南,3,2,2,2,3692,36,68,6.74,2,0.08,1.51.8
2025,07,09,05,8,1800,晴,南,3,2,3,4,4633,25,70,6.84,4,0.15,1.53.3
2025,07,09,05,8,1800,晴,南,3,2,4,3,3630,15,39,6.83,3,0.05,1.53.9
2025,07,09,05,8,1800,晴,南,3,2,5,6,4397,41,34,6.85,6,0.08,
2025,07,09,05,8,1800,晴,南,3,2,6,5,4211,34,52,6.92,5,0.08,
2025,07,09,05,9,1800,晴,南,3,2,1,4,3554,40,83,6.82,4,0.19,1.51.1
2025,07,09,05,9,1800,晴,南,3,2,2,6,4114,35,66,6.85,6,0.24,1.52.3
2025,07,09,05,9,1800,晴,南,3,2,3,3,5070,63,45,6.79,3,0.21,1.54.0
2025,07,09,05,9,1800,晴,南,3,2,4,2,3793,72,76,6.82,2,0.23,1.54.2
2025,07,09,05,9,1800,晴,南,3,2,5,5,5300,65,26,6.88,5,0.22,
2025,07,09,05,9,1800,晴,南,3,2,6,1,4793,61,59,6.79,1,0.24,
2025,07,09,05,10,1800,晴,南,2,2,1,1,4207,31,77,6.71,1,0.12,1.50.8
2025,07,09,05,10,1800,晴,南,2,2,2,2,5175,50,48,6.78,2,0.20,1.52.6
2025,07,09,05,10,1800,晴,南,2,2,3,5,5371,33,63,6.73,6,0.18,1.53.2
2025,07,09,05,10,1800,晴,南,2,2,4,3,3992,66,74,6.79,3,0.18,1.55.1
2025,07,09,05,10,1800,晴,南,2,2,5,6,4420,51,78,6.72,5,0.15,
2025,07,09,05,10,1800,晴,南,2,2,6,4,5211,32,71,6.75,4,0.15,
2025,07,09,05,11,1800,晴,南,2,2,1,1,4109,30,22,6.72,1,0.13,1.50.3
2025,07,09,05,11,1800,晴,南,2,2,2,3,4635,45,28,6.77,3,0.14,1.51.9
2025,07,09,05,11,1800,晴,南,2,2,3,2,4210,60,62,6.77,2,0.21,1.53.9
2025,07,09,05,11,1800,晴,南,2,2,4,4,4432,46,40,6.76,4,0.16,1.54.0
2025,07,09,05,11,1800,晴,南,2,2,5,5,3708,12,24,6.79,5,0.17,
2025,07,09,05,11,1800,晴,南,2,2,6,6,4625,11,56,6.72,6,0.19,
2025,07,09,05,12,1800,晴,南,2,2,1,2,4086,64,55,6.78,2,0.15,1.49.6
2025,07,09,05,12,1800,晴,南,2,2,2,3,4051,58,54,6.84,3,0.11,1.50.8
2025,07,09,05,12,1800,晴,南,2,2,3,6,4356,68,42,6.79,6,0.02,1.52.1
2025,07,09,05,12,1800,晴,南,2,2,4,5,4199,52,47,6.83,4,0.06,1.53.9
2025,07,09,05,12,1800,晴,南,2,2,5,4,4150,14,51,6.87,5,0.07,
2025,07,09,05,12,1800,晴,南,2,2,6,1,4391,13,84,6.82,1,0.26,
2025,07,09,02,1,1200,晴,南,9,20,1,2,4979,61,30,7.34,2,0.26,1.18.1
2025,07,09,02,1,1200,晴,南,9,20,2,3,4440,56,54,7.57,3,0.22,1.19.9
2025,07,09,02,1,1200,晴,南,9,20,3,1,4813,32,40,7.41,1,0.11,1.20.3
2025,07,09,02,1,1200,晴,南,9,20,4,4,4821,47,53,7.28,4,0.26,1.21.9
2025,07,09,02,1,1200,晴,南,9,20,5,6,5377,68,22,7.44,6,0.32,
2025,07,09,02,1,1200,晴,南,9,20,6,5,3591,18,21,7.47,5,0.29,
2025,07,09,02,2,1200,晴,南,8,20,1,1,4411,16,23,7.50,1,0.12,1.17.5
2025,07,09,02,2,1200,晴,南,8,20,2,2,4396,40,17,7.65,2,0.19,1.19.0
2025,07,09,02,2,1200,晴,南,8,20,3,3,4604,15,61,7.28,3,0.20,1.19.6
2025,07,09,02,2,1200,晴,南,8,20,4,5,3653,19,65,7.38,5,0.25,1.19.8
2025,07,09,02,2,1200,晴,南,8,20,5,4,4197,25,71,7.43,4,0.25,
2025,07,09,02,2,1200,晴,南,8,20,6,6,5364,60,60,7.17,6,0.27,
2025,07,09,02,3,1200,晴,南,7,20,1,1,5043,34,47,7.11,1,0.11,1.16.9
2025,07,09,02,3,1200,晴,南,7,20,2,6,4118,48,33,7.30,6,0.22,1.17.9
2025,07,09,02,3,1200,晴,南,7,20,3,4,3370,64,20,7.28,4,0.11,1.18.1
2025,07,09,02,3,1200,晴,南,7,20,4,2,5249,67,14,7.27,2,0.18,1.19.9
2025,07,09,02,3,1200,晴,南,7,20,5,5,4669,54,10,7.13,5,0.23,
2025,07,09,02,3,1200,晴,南,7,20,6,3,4430,57,59,7.25,3,0.18,
2025,07,09,02,4,1200,晴,南,8,20,1,1,3848,38,66,7.24,1,0.13,1.18.4
2025,07,09,02,4,1200,晴,南,8,20,2,3,4475,69,34,7.16,3,0.20,1.19.6
2025,07,09,02,4,1200,晴,南,8,20,3,2,5110,37,55,7.24,2,0.16,1.19.9
2025,07,09,02,4,1200,晴,南,8,20,4,4,3790,59,16,7.31,4,0.16,1.20.2
2025,07,09,02,4,1200,晴,南,8,20,5,6,5341,12,35,7.23,6,0.46,
2025,07,09,02,4,1200,晴,南,8,20,6,5,5273,53,68,7.45,5,0.15,
2025,07,09,02,5,1800,晴,南,7,15,1,4,4020,71,45,7.25,4,0.15,1.55.6
2025,07,09,02,5,1800,晴,南,7,15,2,1,4465,70,36,7.03,1,0.08,1.56.9
2025,07,09,02,5,1800,晴,南,7,15,3,5,4440,56,54,7.15,5,0.20,1.58.7
2025,07,09,02,5,1800,晴,南,7,15,4,3,4028,46,39,7.32,3,0.13,1.59.6
2025,07,09,02,5,1800,晴,南,7,15,5,2,3564,52,70,7.10,2,0.18,
2025,07,09,02,5,1800,晴,南,7,15,6,6,5002,63,67,7.29,6,0.34,
2025,07,09,02,6,1800,晴,南,7,15,1,4,4082,26,13,7.13,4,0.05,1.56.1
2025,07,09,02,6,1800,晴,南,7,15,2,1,4425,35,69,7.10,1,0.13,1.56.9
2025,07,09,02,6,1800,晴,南,7,15,3,5,4748,39,51,7.08,5,0.16,1.58.7
2025,07,09,02,6,1800,晴,南,7,15,4,3,3740,58,56,7.22,3,0.07,1.59.9
2025,07,09,02,6,1800,晴,南,7,15,5,2,3202,23,28,7.27,2,0.11,
2025,07,09,02,6,1800,晴,南,7,15,6,6,5378,29,11,7.20,6,0.30,
2025,07,09,02,7,1800,晴,南,8,15,1,3,4543,33,19,7.03,3,0.06,2.04.9
2025,07,09,02,7,1800,晴,南,8,15,2,1,4943,10,52,7.01,1,0.11,2.07.7
2025,07,09,02,7,1800,晴,南,8,15,3,2,3976,11,24,7.26,2,0.11,2.09.5
2025,07,09,02,7,1800,晴,南,8,15,4,6,5377,68,22,7.20,6,0.03,2.12.6
2025,07,09,02,8,1800,晴,南,8,15,1,1,4475,69,34,7.12,1,0.18,1.56.5
2025,07,09,02,8,1800,晴,南,8,15,2,4,4452,31,50,7.18,4,0.23,1.57.5
2025,07,09,02,8,1800,晴,南,8,15,3,2,4693,27,37,7.09,2,0.26,1.59.0
2025,07,09,02,8,1800,晴,南,8,15,4,6,4976,49,48,7.16,6,0.30,1.59.3
2025,07,09,02,8,1800,晴,南,8,15,5,5,3370,64,20,7.39,5,0.22,
2025,07,09,02,8,1800,晴,南,8,15,6,3,4821,47,53,7.16,3,0.26,
2025,07,09,02,9,1800,晴,南,7,15,1,2,4028,46,39,7.35,2,0.22,1.57.3
2025,07,09,02,9,1800,晴,南,7,15,2,1,4979,61,30,7.18,1,0.19,1.57.8
2025,07,09,02,9,1800,晴,南,7,15,3,4,5249,67,14,7.13,4,0.24,1.59.3
2025,07,09,02,9,1800,晴,南,7,15,4,5,4122,41,38,7.39,5,0.21,1.59.6
2025,07,09,02,9,1800,晴,南,7,15,5,6,5364,60,60,7.08,6,0.24,
2025,07,09,02,9,1800,晴,南,7,15,6,3,5273,53,68,7.19,3,0.22,
2025,07,09,02,10,1800,晴,南,8,15,1,3,3790,59,16,7.19,3,0.14,1.55.1
2025,07,09,02,10,1800,晴,南,8,15,2,1,4430,57,59,7.12,1,0.15,1.56.1
2025,07,09,02,10,1800,晴,南,8,15,3,5,3564,52,70,7.12,5,0.36,1.57.9
2025,07,09,02,10,1800,晴,南,8,15,4,2,3740,58,56,7.30,2,0.16,1.59.4
2025,07,09,02,10,1800,晴,南,8,15,5,4,3934,24,63,7.33,4,0.17,
2025,07,09,02,10,1800,晴,南,8,15,6,6,5388,20,15,7.20,6,0.21,
2025,07,09,02,11,1800,晴,南,8,15,1,1,4118,48,33,7.31,1,0.11,1.56.1
2025,07,09,02,11,1800,晴,南,8,15,2,2,4748,39,51,7.15,2,0.13,1.57.9
2025,07,09,02,11,1800,晴,南,8,15,3,4,4543,33,19,7.25,4,0.18,1.59.0
2025,07,09,02,11,1800,晴,南,8,15,4,6,4411,16,23,7.52,6,0.15,1.59.6
2025,07,09,02,11,1800,晴,南,8,15,5,3,4020,71,45,7.26,3,0.17,
2025,07,09,02,11,1800,晴,南,8,15,6,5,5110,37,55,7.21,5,0.17,
2025,07,09,02,12,1800,晴,南,9,15,1,1,5002,63,67,7.10,1,0.27,1.56.8
2025,07,09,02,12,1800,晴,南,9,15,2,3,4452,31,50,7.16,3,0.32,1.58.7
2025,07,09,02,12,1800,晴,南,9,15,3,2,4471,17,31,7.26,2,0.32,1.59.8
2025,07,09,02,12,1800,晴,南,9,15,4,4,4604,15,61,7.10,4,0.31,2.00.7
2025,07,09,02,12,1800,晴,南,9,15,5,5,3202,23,28,7.33,5,0.32,
2025,07,09,02,12,1800,晴,南,9,15,6,6,5043,34,47,7.17,6,0.35,
2025,07,09,01,1,1800,晴,東,3,2,1,6,4825,15,46,6.84,5,0.18,1.51.9
2025,07,09,01,1,1800,晴,東,3,2,2,4,3922,26,49,6.85,4,0.19,1.53.1
2025,07,09,01,1,1800,晴,東,3,2,3,2,3981,31,36,6.88,2,0.22,1.55.1
2025,07,09,01,1,1800,晴,東,3,2,4,3,4414,60,69,6.95,3,0.22,1.56.2
2025,07,09,01,1,1800,晴,東,3,2,5,1,3448,73,35,6.86,1,0.35,1.57.6
2025,07,09,01,1,1800,晴,東,3,2,6,5,5373,67,73,6.90,6,0.26,1.58.0
2025,07,09,01,2,1800,晴,東,4,3,1,1,3546,63,66,6.86,1,0.30,1.52.2
2025,07,09,01,2,1800,晴,東,4,3,2,2,5213,58,25,6.79,2,0.27,1.53.8
2025,07,09,01,2,1800,晴,東,4,3,3,4,4899,56,42,6.91,4,0.24,1.55.2
2025,07,09,01,2,1800,晴,東,4,3,4,5,4369,52,11,6.80,5,0.25,1.56.1
2025,07,09,01,2,1800,晴,東,4,3,5,3,4035,37,16,6.89,3,0.36,1.56.9
2025,07,09,01,2,1800,晴,東,4,3,6,6,5365,29,56,6.87,6,0.30,1.58.3
2025,07,09,01,3,1800,晴,東,4,3,1,3,4040,69,31,6.86,3,0.15,1.51.5
2025,07,09,01,3,1800,晴,東,4,3,2,4,5089,11,53,6.83,4,0.23,1.52.8
2025,07,09,01,3,1800,晴,東,4,3,3,1,4417,27,41,6.92,1,0.22,1.54.5
2025,07,09,01,3,1800,晴,東,4,3,4,2,4110,50,18,6.89,2,0.17,1.56.2
2025,07,09,01,3,1800,晴,東,4,3,5,6,5390,21,13,6.88,6,0.10,1.57.5
2025,07,09,01,3,1800,晴,東,4,3,6,5,4527,25,72,6.86,5,0.22,1.58.0
2025,07,09,01,4,1800,晴,東,3,2,1,1,3747,19,60,6.76,1,0.10,1.59.7
2025,07,09,01,4,1800,晴,東,3,2,2,3,5216,72,67,6.82,3,0.16,2.02.9
2025,07,09,01,4,1800,晴,東,3,2,3,4,3712,54,58,6.77,4,0.13,2.05.7
2025,07,09,01,4,1800,晴,東,3,2,4,6,4579,35,65,6.87,6,0.15,2.07.3
2025,07,09,01,4,1800,晴,東,3,2,5,2,4945,40,54,6.85,2,0.14,2.16.2
2025,07,09,01,5,1800,晴,東,4,3,1,1,3807,48,33,6.82,1,0.14,1.51.5
2025,07,09,01,5,1800,晴,東,4,3,2,6,4962,43,34,6.79,6,0.08,1.53.1
2025,07,09,01,5,1800,晴,東,4,3,3,5,5088,23,59,6.78,4,0.10,1.53.6
2025,07,09,01,5,1800,晴,東,4,3,4,3,3715,16,68,6.77,3,0.12,1.55.3
2025,07,09,01,5,1800,晴,東,4,3,5,4,3406,68,44,6.80,5,0.09,1.56.3
2025,07,09,01,5,1800,晴,東,4,3,6,2,5310,42,70,6.81,2,0.19,1.57.6
2025,07,09,01,6,1800,曇り,東,3,2,1,1,4460,57,48,6.85,1,0.09,1.51.4
2025,07,09,01,6,1800,曇り,東,3,2,2,2,4457,38,74,6.93,2,0.18,1.53.7
2025,07,09,01,6,1800,曇り,東,3,2,3,3,4389,70,22,6.81,3,0.15,1.54.7
2025,07,09,01,6,1800,曇り,東,3,2,4,4,3448,73,35,6.84,4,0.14,1.57.0
2025,07,09,01,6,1800,曇り,東,3,2,5,5,5365,29,56,6.95,5,0.15,1.57.7
2025,07,09,01,6,1800,曇り,東,3,2,6,6,5266,13,37,6.88,6,0.16,1.58.8
2025,07,09,01,7,1800,曇り,東,3,2,1,1,4472,44,15,6.77,1,0.19,1.51.0
2025,07,09,01,7,1800,曇り,東,3,2,2,3,4369,52,11,6.80,3,0.17,1.51.8
2025,07,09,01,7,1800,曇り,東,3,2,3,4,3921,74,57,6.90,4,0.25,1.54.5
2025,07,09,01,7,1800,曇り,東,3,2,4,2,4414,60,69,6.78,2,0.13,1.55.5
2025,07,09,01,7,1800,曇り,東,3,2,5,6,5373,67,73,6.85,6,0.27,1.57.3
2025,07,09,01,7,1800,曇り,東,3,2,6,5,4035,37,16,6.89,5,0.26,1.57.7
2025,07,09,01,8,1800,曇り,東,3,2,1,5,5089,11,53,6.73,4,0.16,1.51.2
2025,07,09,01,8,1800,曇り,東,3,2,2,1,5216,72,67,6.80,1,0.12,1.52.8
2025,07,09,01,8,1800,曇り,東,3,2,3,6,4431,64,24,6.78,5,0.15,1.54.2
2025,07,09,01,8,1800,曇り,東,3,2,4,3,4899,56,42,6.78,3,0.08,1.55.5
2025,07,09,01,8,1800,曇り,東,3,2,5,4,3981,31,36,6.87,6,0.20,1.56.5
2025,07,09,01,8,1800,曇り,東,3,2,6,2,3922,26,49,6.75,2,0.19,1.58.3
2025,07,09,01,9,1800,曇り,東,3,2,1,6,4930,53,43,6.68,5,0.00,1.50.7
2025,07,09,01,9,1800,曇り,東,3,2,2,2,3546,63,66,6.79,2,0.17,1.53.7
2025,07,09,01,9,1800,曇り,東,3,2,3,1,3805,47,12,6.83,1,0.13,1.55.0
2025,07,09,01,9,1800,曇り,東,3,2,4,3,4945,40,38,6.86,3,0.12,1.56.1
2025,07,09,01,9,1800,曇り,東,3,2,5,4,4110,50,18,6.87,4,0.10,1.56.2
2025,07,09,01,9,1800,曇り,東,3,2,6,5,5390,21,13,6.84,6,0.04,1.59.3
2025,07,09,01,10,1800,曇り,東,3,2,1,2,5088,23,59,6.85,2,0.13,1.50.5
2025,07,09,01,10,1800,曇り,東,3,2,2,4,3715,16,68,6.81,4,0.11,1.52.6
2025,07,09,01,10,1800,曇り,東,3,2,3,3,3712,54,58,6.80,3,0.07,1.53.4
2025,07,09,01,10,1800,曇り,東,3,2,4,5,5213,58,25,6.75,5,0.14,1.54.8
2025,07,09,01,10,1800,曇り,東,3,2,5,1,4825,15,46,6.82,1,0.18,1.55.7
2025,07,09,01,10,1800,曇り,東,3,2,6,6,4460,57,48,6.82,6,0.15,1.56.9
2025,07,09,01,11,1800,曇り,東,2,1,1,1,4579,35,65,6.81,1,0.18,1.51.3
2025,07,09,01,11,1800,曇り,東,2,1,2,4,4040,69,31,6.78,4,0.15,1.52.5
2025,07,09,01,11,1800,曇り,東,2,1,3,3,3406,68,44,6.82,3,0.21,1.53.7
2025,07,09,01,11,1800,曇り,東,2,1,4,5,4472,44,15,6.79,5,0.19,1.54.6
2025,07,09,01,11,1800,曇り,東,2,1,5,2,3620,39,30,6.90,2,0.26,1.54.9
2025,07,09,01,11,1800,曇り,東,2,1,6,6,4417,27,41,6.94,6,0.24,1.55.4
2025,07,09,01,12,1800,曇り,北東,1,1,1,1,4907,41,19,6.72,1,0.15,1.49.9
2025,07,09,01,12,1800,曇り,北東,1,1,2,3,4468,18,71,6.73,3,0.14,1.50.6
2025,07,09,01,12,1800,曇り,北東,1,1,3,4,4376,46,52,6.78,4,0.12,1.53.5
2025,07,09,01,12,1800,曇り,北東,1,1,4,5,4731,49,47,6.76,5,0.13,1.54.4
2025,07,09,01,12,1800,曇り,北東,1,1,5,6,4834,34,55,6.82,6,0.10,1.54.9
2025,07,09,01,12,1800,曇り,北東,1,1,6,2,3801,66,61,6.70,2,0.17,1.57.5
