レースID,枠番,年齢,体重,級別,レース内全国勝率差,レース内モーター2連率差
202507242201,1,37,55,3,1.5066666666666677,-8.15666666666667
202507242201,2,27,53,1,-0.013333333333332753,-0.05666666666666842
202507242201,3,59,52,1,-0.6133333333333324,5.873333333333331
202507242201,4,45,57,0,-1.0033333333333325,1.2233333333333327
202507242201,5,27,54,1,-1.0433333333333326,1.7333333333333307
202507242201,6,23,51,1,1.166666666666667,-0.6166666666666707
202507242202,1,32,51,1,0.3483333333333336,6.5483333333333285
202507242202,2,24,55,1,-0.04166666666666696,-3.541666666666668
202507242202,3,37,54,2,0.8083333333333336,-4.651666666666671
202507242202,4,54,56,1,-1.2816666666666667,4.168333333333333
202507242202,5,40,52,2,0.5983333333333336,6.14833333333333
202507242202,6,27,57,1,-0.43166666666666664,-8.67166666666667
202507242203,1,34,54,1,-0.6300000000000003,0.980000000000004
202507242203,2,27,53,1,0.3799999999999999,10.700000000000003
202507242203,3,52,51,3,2.37,2.9100000000000037
202507242203,4,35,54,1,0.04999999999999982,-0.030000000000001137
202507242203,5,46,50,1,0.33000000000000007,-20.409999999999997
202507242203,6,23,52,0,-2.5,5.850000000000001
202507242204,1,52,56,1,-0.12833333333333297,-1.2916666666666643
202507242204,2,46,62,1,-1.5983333333333327,0.548333333333332
202507242204,3,44,56,2,0.2616666666666667,-4.341666666666665
202507242204,4,34,52,1,-0.4083333333333332,-0.32166666666666544
202507242204,5,39,56,2,0.7516666666666669,5.258333333333333
202507242204,6,44,56,3,1.121666666666667,0.14833333333333343
202507242205,1,27,54,1,-1.2816666666666658,4.420000000000005
202507242205,2,47,54,2,0.6583333333333341,1.4500000000000064
202507242205,3,40,54,2,0.748333333333334,-3.3799999999999955
202507242205,4,41,52,3,2.368333333333334,5.630000000000006
202507242205,5,29,53,1,-1.331666666666666,-10.589999999999993
202507242205,6,52,57,1,-1.1616666666666657,2.470000000000006
202507242206,1,54,56,1,-1.4599999999999995,5.17166666666667
202507242206,2,45,57,0,-1.1299999999999994,1.9616666666666696
202507242206,3,26,52,0,-1.2799999999999994,-0.6383333333333319
202507242206,4,44,50,3,2.4000000000000004,-5.678333333333331
202507242206,5,37,52,3,1.3400000000000007,-2.5383333333333304
202507242206,6,46,56,1,0.13000000000000078,1.7216666666666676
202507242207,1,37,54,2,0.6566666666666663,-1.7050000000000018
202507242207,2,59,52,1,-0.7133333333333338,8.555
202507242207,3,36,54,2,-0.09333333333333371,-0.875
202507242207,4,34,54,1,-1.1333333333333342,6.435000000000002
202507242207,5,27,53,2,1.506666666666666,0.36499999999999844
202507242207,6,38,56,1,-0.2233333333333336,-12.775
202507242208,1,40,52,2,-0.12666666666666693,6.545000000000002
202507242208,2,53,52,3,1.6433333333333326,-0.3249999999999993
202507242208,3,52,61,1,-0.7966666666666669,9.125
202507242208,4,37,55,3,0.833333333333333,-8.024999999999999
202507242208,5,27,53,1,-0.6966666666666672,13.605000000000004
202507242208,6,52,52,1,-0.8566666666666674,-20.924999999999997
202507242209,1,52,54,2,0.45833333333333304,0.9166666666666607
202507242209,2,32,51,1,-0.5216666666666665,6.006666666666657
202507242209,3,44,56,3,0.9983333333333331,0.8966666666666576
202507242209,4,27,53,1,-0.831666666666667,-0.8633333333333404
202507242209,5,38,55,2,-0.2716666666666665,-0.08333333333333925
202507242209,6,40,54,2,0.168333333333333,-6.873333333333342
202507242210,1,45,54,3,0.07166666666666721,-0.7083333333333321
202507242210,2,44,56,2,-0.14833333333333343,0.22166666666666757
202507242210,3,23,51,1,0.061666666666666536,2.3916666666666657
202507242210,4,24,55,1,-1.1983333333333333,-0.26833333333333087
202507242210,5,47,54,2,-0.20833333333333304,1.7716666666666683
202507242210,6,44,50,3,1.4216666666666669,-3.4083333333333314
202507242211,1,34,54,2,0.7600000000000007,6.443333333333339
202507242211,2,27,53,2,0.8500000000000005,-2.066666666666663
202507242211,3,34,52,1,-0.46999999999999975,1.4833333333333378
202507242211,4,29,53,1,-1.8499999999999996,-13.02666666666666
202507242211,5,46,56,1,-0.4999999999999991,1.2333333333333378
202507242211,6,52,51,3,1.2100000000000009,5.933333333333341
202507242212,1,41,52,3,1.3116666666666665,5.471666666666668
202507242212,2,37,52,3,0.17166666666666686,-0.7483333333333313
202507242212,3,39,56,2,0.1516666666666664,9.341666666666665
202507242212,4,46,50,1,-1.3683333333333332,-15.108333333333333
202507242212,5,53,52,3,1.0216666666666665,2.0716666666666654
202507242212,6,36,54,2,-1.288333333333333,-1.0283333333333324
202507242001,1,39,53,1,0.18833333333333346,-4.025000000000006
202507242001,2,35,55,1,0.05833333333333357,-12.705000000000005
202507242001,3,33,55,1,0.5883333333333338,5.305
202507242001,4,23,45,1,-1.021666666666666,7.074999999999996
202507242001,5,54,54,1,0.17833333333333368,-4.415000000000006
202507242001,6,36,56,1,0.008333333333333748,8.764999999999993
202507242002,1,42,51,1,-0.4150000000000009,-4.846666666666668
202507242002,2,26,52,1,-2.6850000000000005,-0.3866666666666667
202507242002,3,39,54,1,0.024999999999999467,1.7833333333333314
202507242002,4,48,56,2,1.0349999999999993,2.2933333333333294
202507242002,5,37,54,3,1.6649999999999991,1.8933333333333309
202507242002,6,38,55,1,0.3749999999999991,-0.7366666666666681
202507242003,1,39,43,1,-0.026666666666667282,1.981666666666662
202507242003,2,49,56,1,-1.3666666666666671,-12.208333333333336
202507242003,3,46,52,2,1.6033333333333326,-10.308333333333337
202507242003,4,40,54,1,-0.5266666666666673,-4.148333333333337
202507242003,5,40,54,3,1.5633333333333326,12.111666666666665
202507242003,6,48,51,1,-1.246666666666667,12.571666666666665
202507242004,1,31,55,1,-0.7800000000000011,6.035000000000004
202507242004,2,52,60,1,-1.2100000000000009,-7.484999999999996
202507242004,3,55,56,2,0.13999999999999968,4.935000000000002
202507242004,4,54,52,2,0.35999999999999943,-1.144999999999996
202507242004,5,28,52,3,1.6199999999999992,-4.154999999999994
202507242004,6,33,56,1,-0.13000000000000078,1.8150000000000048
202507242005,1,44,50,3,1.338333333333333,-4.12833333333333
202507242005,2,46,52,2,0.6183333333333332,-8.998333333333331
202507242005,3,43,53,1,-1.211666666666667,6.131666666666668
202507242005,4,28,51,2,0.8983333333333334,-4.958333333333336
202507242005,5,41,50,1,-0.11166666666666725,4.781666666666666
202507242005,6,23,45,1,-1.5316666666666667,7.171666666666667
202507242006,1,37,46,1,-0.14999999999999947,3.418333333333333
202507242006,2,48,52,1,-0.96,-1.2916666666666679
202507242006,3,54,53,2,0.6100000000000003,1.6383333333333319
202507242006,4,54,54,1,-0.96,3.8283333333333296
202507242006,5,26,51,2,0.9199999999999999,-6.751666666666669
202507242006,6,29,48,3,0.54,-0.8416666666666686
202507242007,1,28,48,2,0.5300000000000002,3.4550000000000054
202507242007,2,57,53,2,0.4800000000000004,-7.194999999999997
202507242007,3,36,53,1,-0.6999999999999993,-2.0749999999999957
202507242007,4,29,44,1,0.16000000000000103,-3.484999999999996
202507242007,5,38,52,3,0.9400000000000004,1.6550000000000011
202507242007,6,52,60,1,-1.4099999999999993,7.645000000000003
202507242008,1,37,54,3,1.3266666666666662,3.303333333333331
202507242008,2,34,48,2,1.1566666666666663,0.9733333333333327
202507242008,3,33,52,2,0.31666666666666643,-2.926666666666666
202507242008,4,49,56,1,-1.5133333333333336,-7.346666666666668
202507242008,5,39,53,1,-0.873333333333334,6.483333333333331
202507242008,6,57,54,1,-0.413333333333334,-0.48666666666666814
202507242009,1,36,50,3,1.5499999999999998,15.263333333333328
202507242009,2,33,55,1,-1.0499999999999998,6.993333333333332
202507242009,3,40,54,1,-1.25,-8.106666666666673
202507242009,4,33,56,1,-0.8399999999999999,0.46333333333333115
202507242009,5,44,50,3,0.20999999999999996,-2.536666666666669
202507242009,6,40,52,3,1.38,-12.076666666666672
202507242010,1,26,51,2,0.8083333333333336,-8.35666666666667
202507242010,2,48,56,2,0.5083333333333337,-0.1666666666666714
202507242010,3,48,51,1,-1.581666666666666,13.563333333333333
202507242010,4,28,52,3,1.2983333333333338,-0.5566666666666649
202507242010,5,28,51,2,0.1583333333333341,1.5833333333333286
202507242010,6,35,55,1,-1.1916666666666664,-6.06666666666667
202507242011,1,40,54,3,1.0683333333333334,9.723333333333336
202507242011,2,31,55,1,-1.2616666666666667,6.253333333333337
202507242011,3,28,48,2,0.44833333333333325,-0.21666666666666146
202507242011,4,38,55,1,-0.31166666666666654,-6.576666666666664
202507242011,5,54,53,2,0.3383333333333338,-3.346666666666664
202507242011,6,46,52,2,-0.2816666666666663,-5.8366666666666625
202507242012,1,38,52,3,0.8350000000000009,1.6383333333333354
202507242012,2,54,52,2,-0.14499999999999869,2.728333333333339
202507242012,3,41,50,1,-1.0349999999999993,11.598333333333336
202507242012,4,33,52,2,-0.05499999999999883,-6.521666666666661
202507242012,5,46,52,2,1.0850000000000009,-9.041666666666664
202507242012,6,39,54,1,-0.6849999999999987,-0.40166666666666373
202507241801,1,38,53,3,-0.4716666666666667,10.263333333333335
202507241801,2,37,59,3,0.23833333333333329,-9.506666666666668
202507241801,3,33,54,3,0.45833333333333304,-3.4366666666666674
202507241801,4,36,52,3,-0.3216666666666663,-17.62666666666667
202507241801,5,35,49,3,-0.36166666666666636,9.39333333333333
202507241801,6,40,54,3,0.45833333333333304,10.913333333333334
202507241802,1,50,51,3,0.27500000000000036,4.4566666666666634
202507241802,2,38,50,3,-0.4349999999999996,-1.2533333333333374
202507241802,3,33,51,3,-0.11499999999999932,-0.42333333333333556
202507241802,4,29,52,3,0.20500000000000007,3.9166666666666643
202507241802,5,29,53,3,0.09500000000000064,-4.983333333333334
202507241802,6,41,54,3,-0.024999999999999467,-1.7133333333333347
202507241803,1,40,52,3,-0.32333333333333325,-3.530000000000001
202507241803,2,42,47,3,-0.33333333333333304,4.259999999999998
202507241803,3,41,52,3,0.42666666666666675,-1.8800000000000026
202507241803,4,41,55,3,-0.09333333333333371,9.739999999999995
202507241803,5,40,51,3,0.5966666666666667,-9.560000000000002
202507241803,6,34,53,3,-0.27333333333333343,0.9699999999999989
202507241804,1,38,48,3,-0.2900000000000009,1.2749999999999986
202507241804,2,40,54,3,0.5799999999999992,4.725000000000001
202507241804,3,42,53,3,-0.10000000000000053,-3.1449999999999996
202507241804,4,34,55,3,0.009999999999998899,-8.915
202507241804,5,43,53,3,-0.22000000000000064,4.685000000000002
202507241804,6,37,51,3,0.019999999999999574,1.375
202507241805,1,26,53,3,0.016666666666666607,3.4450000000000003
202507241805,2,30,50,3,0.21666666666666679,4.984999999999999
202507241805,3,47,52,3,-0.4133333333333331,8.085
202507241805,4,38,55,3,1.086666666666666,-13.475000000000001
202507241805,5,30,52,3,0.006666666666666821,-4.414999999999999
202507241805,6,50,53,3,-0.9133333333333331,1.375
202507241806,1,38,52,3,0.5233333333333325,3.3416666666666686
202507241806,2,39,51,3,-0.5866666666666669,8.701666666666668
202507241806,3,31,52,3,-0.29666666666666686,-3.4283333333333346
202507241806,4,47,53,3,0.543333333333333,14.05166666666667
202507241806,5,24,53,3,-0.5366666666666671,-7.23833333333333
202507241806,6,37,55,3,0.3533333333333326,-15.428333333333331
202507241807,1,47,48,3,-0.08500000000000085,8.778333333333336
202507241807,2,39,54,3,0.23499999999999943,7.138333333333335
202507241807,3,38,50,3,0.5649999999999995,-6.401666666666664
202507241807,4,31,51,3,0.29499999999999993,3.9183333333333366
202507241807,5,41,54,3,0.054999999999999716,-4.781666666666663
202507241807,6,46,54,3,-1.0650000000000004,-8.651666666666664
202507241808,1,55,52,3,-0.2883333333333331,14.491666666666667
202507241808,2,38,54,3,0.05166666666666675,-5.018333333333331
202507241808,3,37,59,3,0.031666666666667176,0.34166666666666856
202507241808,4,29,53,3,-0.2283333333333326,-6.6683333333333294
202507241808,5,37,52,3,0.031666666666667176,-7.05833333333333
202507241808,6,41,52,3,0.4016666666666673,3.911666666666669
202507241809,1,39,53,3,-0.583333333333333,1.8150000000000048
202507241809,2,33,54,3,0.24666666666666703,5.815000000000005
202507241809,3,29,52,3,-0.12333333333333307,1.6350000000000051
202507241809,4,40,52,3,-0.3533333333333326,1.6650000000000063
202507241809,5,48,53,3,0.5066666666666668,-3.274999999999995
202507241809,6,37,53,3,0.30666666666666753,-7.654999999999994
202507241810,1,30,50,3,0.4399999999999995,8.308333333333337
202507241810,2,33,51,3,-0.41000000000000014,-1.7516666666666616
202507241810,3,40,51,3,0.5999999999999996,-3.4116666666666617
202507241810,4,43,53,3,0.05999999999999961,5.368333333333339
202507241810,5,36,52,3,-0.5,-7.421666666666663
202507241810,6,30,55,3,-0.1900000000000004,-1.0916666666666615
202507241811,1,38,55,3,1.2449999999999983,-14.53166666666666
202507241811,2,38,53,3,-0.7150000000000007,16.088333333333345
202507241811,3,45,52,3,-0.06500000000000039,-5.3516666666666595
202507241811,4,31,52,3,-0.22500000000000053,2.048333333333339
202507241811,5,42,47,3,-0.39500000000000046,6.028333333333343
202507241811,6,36,53,3,0.15499999999999936,-4.281666666666659
202507241812,1,47,53,3,0.6100000000000003,18.14333333333333
202507241812,2,37,44,3,-0.5499999999999998,11.913333333333327
202507241812,3,49,52,3,-0.16999999999999993,-10.92666666666667
202507241812,4,38,50,3,0.1200000000000001,-10.42666666666667
202507241812,5,38,50,3,-0.7999999999999998,-8.346666666666671
202507241812,6,40,54,3,0.79,-0.35666666666666913
202507241601,1,39,52,2,1.2666666666666666,-0.5800000000000054
202507241601,2,23,54,1,0.046666666666666856,-9.970000000000006
202507241601,3,47,56,1,0.09666666666666668,0.06999999999999318
202507241601,4,32,54,1,-0.7133333333333329,8.579999999999998
202507241601,5,37,52,1,-0.26333333333333275,2.6599999999999966
202507241601,6,24,55,1,-0.4333333333333327,-0.7600000000000051
202507241602,1,58,55,1,-0.08499999999999996,-2.4466666666666654
202507241602,2,47,62,1,-0.7949999999999999,-8.976666666666663
202507241602,3,51,53,1,-0.07500000000000018,-1.606666666666662
202507241602,4,27,53,1,0.47499999999999964,18.13333333333334
202507241602,5,51,53,1,0.6949999999999994,0.1733333333333391
202507241602,6,29,54,1,-0.21499999999999986,-5.276666666666664
202507241603,1,27,56,1,-1.118333333333334,-0.4350000000000023
202507241603,2,23,56,1,-0.20833333333333393,-2.6050000000000004
202507241603,3,43,55,2,0.49166666666666625,-8.285
202507241603,4,42,53,1,-0.2183333333333337,-0.4450000000000003
202507241603,5,57,51,1,-0.6583333333333341,5.284999999999997
202507241603,6,36,53,3,1.711666666666666,6.484999999999999
202507241604,1,38,52,2,1.2616666666666667,5.348333333333336
202507241604,2,33,51,2,0.7416666666666663,-5.641666666666666
202507241604,3,37,54,1,0.011666666666666714,3.6583333333333314
202507241604,4,45,53,3,1.6016666666666666,-9.111666666666665
202507241604,5,41,54,1,-0.17833333333333368,7.208333333333336
202507241604,6,20,51,0,-3.4383333333333335,-1.461666666666666
202507241605,1,50,52,2,0.9766666666666675,9.975000000000001
202507241605,2,24,51,1,-1.4033333333333329,-4.674999999999997
202507241605,3,52,54,1,-0.45333333333333314,5.805
202507241605,4,27,53,2,0.15666666666666718,2.125
202507241605,5,30,53,3,2.166666666666667,-4.625
202507241605,6,46,52,1,-1.443333333333333,-8.604999999999997
202507241606,1,47,52,3,1.7833333333333332,-3.1583333333333385
202507241606,2,38,53,2,0.9233333333333329,5.701666666666661
202507241606,3,29,55,2,0.833333333333333,-1.8083333333333371
202507241606,4,23,54,1,0.20333333333333314,-7.728333333333339
202507241606,5,50,51,1,-0.9766666666666666,-6.958333333333339
202507241606,6,20,51,0,-2.7666666666666666,13.95166666666666
202507241607,1,37,52,1,-0.4399999999999995,6.046666666666667
202507241607,2,39,55,3,1.7700000000000005,-11.873333333333335
202507241607,3,51,53,1,0.5499999999999998,1.1166666666666671
202507241607,4,34,55,1,-0.9799999999999995,-2.783333333333335
202507241607,5,28,53,0,-1.9099999999999997,14.476666666666667
202507241607,6,32,56,3,1.0099999999999998,-6.983333333333334
202507241608,1,41,54,1,-0.6833333333333336,9.891666666666666
202507241608,2,28,51,3,2.246666666666666,5.691666666666663
202507241608,3,29,54,1,-0.7433333333333332,-4.308333333333337
202507241608,4,44,55,2,-0.04333333333333389,-5.238333333333337
202507241608,5,24,55,1,-0.9933333333333332,2.6516666666666637
202507241608,6,43,55,2,0.21666666666666679,-8.688333333333336
202507241609,1,33,51,2,0.5449999999999999,-4.316666666666663
202507241609,2,26,50,1,-0.4349999999999996,9.273333333333333
202507241609,3,39,52,2,1.0149999999999997,1.4733333333333363
202507241609,4,24,52,2,0.2549999999999999,-2.2366666666666646
202507241609,5,27,56,1,-1.085,-2.1966666666666654
202507241609,6,51,53,1,-0.29499999999999993,-1.9966666666666626
202507241610,1,42,53,1,-0.5316666666666672,-2.9099999999999966
202507241610,2,27,53,2,-0.061666666666667425,-2.259999999999998
202507241610,3,27,53,1,-0.09166666666666767,17.040000000000006
202507241610,4,23,54,2,0.5383333333333322,-8.839999999999996
202507241610,5,37,54,1,-0.5316666666666672,4.280000000000001
202507241610,6,39,56,3,0.6783333333333328,-7.309999999999995
202507241611,1,39,55,3,1.044999999999999,-12.885000000000005
202507241611,2,50,52,2,0.4549999999999992,6.614999999999995
202507241611,3,58,55,1,-0.955000000000001,-2.5150000000000077
202507241611,4,38,52,2,0.41499999999999915,6.994999999999997
202507241611,5,38,53,2,-0.13500000000000156,5.834999999999994
202507241611,6,23,56,1,-0.8250000000000011,-4.045000000000005
202507241612,1,28,51,3,0.836666666666666,7.450000000000006
202507241612,2,47,52,3,-0.3433333333333337,-0.22999999999999332
202507241612,3,45,53,3,-0.31333333333333346,-4.669999999999991
202507241612,4,36,53,3,0.026666666666666394,7.840000000000007
202507241612,5,32,56,3,-0.7833333333333341,-5.199999999999992
202507241612,6,30,53,3,0.5766666666666662,-5.189999999999994
202507241401,1,46,51,2,1.786666666666667,-5.904999999999994
202507241401,2,41,55,1,0.12666666666666693,9.095000000000006
202507241401,3,42,53,1,1.1566666666666672,-3.264999999999997
202507241401,4,22,52,1,-0.22333333333333272,-6.2549999999999955
202507241401,5,49,55,1,0.11666666666666714,3.4250000000000043
202507241401,6,19,51,0,-2.963333333333333,2.905000000000001
202507241402,1,57,52,1,-0.46999999999999975,2.6016666666666666
202507241402,2,39,51,1,-1.0999999999999996,8.901666666666664
202507241402,3,51,53,2,0.6900000000000004,-9.648333333333333
202507241402,4,51,51,1,-0.8199999999999994,-3.828333333333333
202507241402,5,26,54,1,0.15000000000000036,-0.7083333333333321
202507241402,6,39,55,3,1.5500000000000007,2.6816666666666684
202507241403,1,41,55,3,2.281666666666667,4.176666666666666
202507241403,2,41,54,1,0.5716666666666672,-1.293333333333333
202507241403,3,49,55,1,0.15166666666666728,3.8466666666666676
202507241403,4,53,54,1,-0.4283333333333328,2.176666666666666
202507241403,5,23,53,0,-2.3583333333333325,-2.823333333333334
202507241403,6,27,52,1,-0.21833333333333282,-6.083333333333336
202507241404,1,22,52,2,1.3150000000000004,-3.4833333333333343
202507241404,2,49,54,1,-0.3249999999999993,6.496666666666666
202507241404,3,42,58,2,0.5650000000000004,0.05666666666666487
202507241404,4,55,54,1,0.29499999999999993,6.636666666666667
202507241404,5,43,56,1,0.28500000000000014,-4.043333333333333
202507241404,6,18,53,1,-2.135,-5.663333333333334
202507241405,1,40,53,1,0.5000000000000009,-13.916666666666668
202507241405,2,60,55,1,-0.5699999999999994,0.9733333333333363
202507241405,3,39,52,1,-0.5499999999999989,-12.816666666666666
202507241405,4,30,52,3,1.7700000000000014,12.25333333333333
202507241405,5,46,55,1,-0.8299999999999992,0.23333333333333428
202507241405,6,45,55,1,-0.3199999999999994,13.273333333333333
202507241406,1,24,53,1,0.293333333333333,5.796666666666674
202507241406,2,42,57,1,1.1533333333333333,0.4866666666666717
202507241406,3,41,55,1,-0.4066666666666672,7.466666666666676
202507241406,4,41,51,1,-0.706666666666667,-7.083333333333325
202507241406,5,22,52,1,-0.7566666666666668,-7.883333333333326
202507241406,6,64,51,0,0.4233333333333329,1.2166666666666757
202507241407,1,49,55,1,-0.4283333333333328,3.020000000000003
202507241407,2,44,53,2,1.4916666666666671,10.770000000000003
202507241407,3,26,54,1,0.621666666666667,-5.859999999999996
202507241407,4,39,51,1,-0.628333333333333,3.75
202507241407,5,20,54,0,-2.9383333333333326,0.8900000000000006
202507241407,6,42,53,3,1.8816666666666668,-12.569999999999997
202507241408,1,51,51,1,-0.3533333333333326,0.0400000000000027
202507241408,2,51,53,2,1.1566666666666672,-5.779999999999998
202507241408,3,43,56,1,0.5766666666666671,1.5700000000000038
202507241408,4,42,53,1,0.6066666666666674,5.350000000000001
202507241408,5,27,52,1,0.0766666666666671,-2.219999999999999
202507241408,6,23,53,0,-2.0633333333333326,1.0400000000000027
202507241409,1,46,55,1,-0.6100000000000003,6.263333333333332
202507241409,2,39,52,1,-0.33000000000000007,-6.786666666666669
202507241409,3,53,54,1,-0.3200000000000003,-0.696666666666669
202507241409,4,46,51,2,1.0499999999999998,-4.026666666666667
202507241409,5,55,54,1,0.39999999999999947,5.513333333333332
202507241409,6,57,52,1,-0.1900000000000004,-0.26666666666666927
202507241410,1,39,55,3,0.9166666666666679,-1.3266666666666609
202507241410,2,40,53,1,-0.19333333333333247,-9.026666666666664
202507241410,3,24,53,1,-0.8233333333333324,8.163333333333338
202507241410,4,41,55,3,1.4766666666666675,0.16333333333333755
202507241410,5,42,58,2,-0.2433333333333323,-2.2066666666666634
202507241410,6,49,54,1,-1.133333333333332,4.233333333333338
202507241411,1,30,52,3,0.9916666666666671,12.689999999999998
202507241411,2,22,52,2,0.42166666666666686,-10.2
202507241411,3,44,53,2,0.30166666666666675,7.460000000000001
202507241411,4,42,57,1,-0.048333333333332895,-1.6000000000000014
202507241411,5,41,54,1,-0.31833333333333336,-9.759999999999998
202507241411,6,60,55,1,-1.3483333333333336,1.4100000000000037
202507241412,1,47,55,3,-0.009999999999999787,0.12999999999999545
202507241412,2,24,54,3,0.33000000000000007,-8.270000000000003
202507241412,3,26,54,3,-0.009999999999999787,-0.9500000000000028
202507241412,4,35,53,3,0.7400000000000002,-6.2500000000000036
202507241412,5,39,53,2,-0.28000000000000025,3.519999999999996
202507241412,6,40,52,2,-0.7699999999999996,11.819999999999993
202507241301,1,40,53,1,-1.1100000000000003,3.6899999999999977
202507241301,2,47,52,1,0.16999999999999993,2.3999999999999986
202507241301,3,45,52,2,1.7199999999999998,-6.810000000000002
202507241301,4,39,57,1,0.4899999999999993,6.719999999999999
202507241301,5,41,51,1,0.4399999999999995,2.3599999999999994
202507241301,6,25,52,1,-1.7100000000000004,-8.36
202507241302,1,32,51,1,-0.04500000000000082,-14.423333333333332
202507241302,2,54,52,1,0.4349999999999996,-0.8633333333333297
202507241302,3,19,49,1,-2.4250000000000003,-0.21333333333333115
202507241302,4,29,54,2,1.0949999999999998,5.026666666666671
202507241302,5,50,52,1,-0.6450000000000005,8.446666666666665
202507241302,6,45,53,3,1.585,2.026666666666671
202507241303,1,34,55,1,-0.5433333333333321,-4.080000000000002
202507241303,2,39,52,1,-0.46333333333333204,9.879999999999995
202507241303,3,29,53,3,1.4166666666666679,7.609999999999999
202507241303,4,53,52,2,0.2066666666666679,-6.820000000000004
202507241303,5,32,51,1,-0.22333333333333272,-5.020000000000003
202507241303,6,37,58,1,-0.39333333333333265,-1.5700000000000003
202507241304,1,35,55,1,-0.7116666666666669,2.9333333333333336
202507241304,2,38,57,3,1.3983333333333334,-8.006666666666668
202507241304,3,36,51,2,1.128333333333333,-1.9066666666666663
202507241304,4,31,54,1,-0.7616666666666667,-9.956666666666667
202507241304,5,39,52,3,2.288333333333333,4.193333333333335
202507241304,6,23,50,0,-3.341666666666667,12.743333333333332
202507241305,1,40,47,1,0.9666666666666668,-5.791666666666664
202507241305,2,23,47,1,0.03666666666666707,-7.581666666666667
202507241305,3,41,51,1,-0.3533333333333335,-0.32166666666666544
202507241305,4,25,45,1,-1.123333333333333,-0.03166666666666629
202507241305,5,39,51,1,-0.023333333333333428,-0.4116666666666653
202507241305,6,39,47,2,0.49666666666666703,14.138333333333335
202507241306,1,39,52,3,1.5983333333333318,6.058333333333337
202507241306,2,34,51,1,-0.5616666666666674,6.288333333333334
202507241306,3,28,52,1,-2.101666666666668,6.87833333333333
202507241306,4,32,52,2,1.6583333333333323,-11.611666666666665
202507241306,5,28,53,1,0.6683333333333321,1.1083333333333343
202507241306,6,24,46,1,-1.2616666666666676,-8.721666666666668
202507241307,1,50,52,1,-0.6066666666666665,14.16333333333333
202507241307,2,46,56,3,1.7633333333333336,-17.996666666666666
202507241307,3,37,52,2,0.8633333333333333,4.853333333333335
202507241307,4,49,52,1,-0.1466666666666665,-6.396666666666665
202507241307,5,51,56,1,-1.2266666666666666,4.193333333333332
202507241307,6,30,54,1,-0.6466666666666665,1.1833333333333336
202507241308,1,32,51,1,0.12333333333333307,-2.6166666666666742
202507241308,2,45,53,2,0.19333333333333336,-1.8666666666666742
202507241308,3,36,50,1,-0.2566666666666668,-1.2266666666666737
202507241308,4,35,52,3,1.8433333333333337,13.97333333333333
202507241308,5,45,52,2,0.8533333333333335,-10.716666666666676
202507241308,6,19,49,1,-2.7566666666666664,2.453333333333326
202507241309,1,40,54,2,0.43166666666666664,3.2683333333333344
202507241309,2,25,45,1,-1.1083333333333334,2.5483333333333356
202507241309,3,38,56,2,0.461666666666666,-4.991666666666664
202507241309,4,34,55,1,-0.10833333333333339,2.1283333333333374
202507241309,5,34,55,3,0.9316666666666666,-5.251666666666665
202507241309,6,47,52,1,-0.6083333333333334,2.2983333333333356
202507241310,1,53,52,2,0.5199999999999996,-5.27666666666666
202507241310,2,39,47,2,0.3899999999999997,12.053333333333342
202507241310,3,28,53,1,0.4499999999999993,1.2333333333333414
202507241310,4,36,51,2,0.5799999999999992,-7.876666666666658
202507241310,5,40,53,1,-2.0100000000000007,-1.0766666666666609
202507241310,6,54,52,1,0.0699999999999994,0.9433333333333422
202507241311,1,39,52,3,0.8933333333333335,-1.4533333333333331
202507241311,2,32,52,2,0.5933333333333337,-11.163333333333334
202507241311,3,29,54,2,-0.11666666666666625,7.156666666666666
202507241311,4,37,52,2,-0.3866666666666667,1.2666666666666657
202507241311,5,40,47,1,0.013333333333333641,-7.553333333333335
202507241311,6,39,52,1,-0.9966666666666661,11.746666666666663
202507241312,1,35,52,3,0.418333333333333,13.713333333333331
202507241312,2,45,53,3,-0.17166666666666686,4.43333333333333
202507241312,3,39,52,3,-0.011666666666667602,6.783333333333331
202507241312,4,46,56,3,-0.031666666666667176,-21.306666666666672
202507241312,5,29,53,3,0.33833333333333293,9.75333333333333
202507241312,6,38,57,3,-0.541666666666667,-13.376666666666672
202507241201,1,55,52,1,-0.3700000000000001,9.174999999999997
202507241201,2,44,55,2,0.6600000000000001,-3.585000000000001
202507241201,3,37,55,1,0.07000000000000028,-6.805000000000003
202507241201,4,37,50,1,0.1900000000000004,-1.365000000000002
202507241201,5,36,55,1,0.33000000000000007,7.064999999999998
202507241201,6,40,54,1,-0.8799999999999999,-4.485000000000003
202507241202,1,43,52,1,-0.4083333333333341,-1.3899999999999935
202507241202,2,37,54,3,1.4016666666666664,1.8300000000000054
202507241202,3,47,55,1,0.23166666666666647,-11.989999999999991
202507241202,4,35,54,2,-0.5583333333333336,-9.999999999999993
202507241202,5,34,55,1,-0.3483333333333336,6.670000000000009
202507241202,6,30,52,1,-0.31833333333333336,14.88000000000001
202507241203,1,42,56,1,-1.2799999999999994,-4.3799999999999955
202507241203,2,44,52,2,0.5800000000000001,-8.419999999999995
202507241203,3,54,52,1,-1.2199999999999998,-2.7899999999999956
202507241203,4,55,53,1,-0.20999999999999996,11.860000000000007
202507241203,5,38,53,3,0.5900000000000007,2.9100000000000072
202507241203,6,45,53,3,1.54,0.8200000000000074
202507241204,1,42,55,1,-0.6850000000000005,-13.45
202507241204,2,39,55,1,-0.20500000000000096,13.820000000000004
202507241204,3,38,51,3,0.964999999999999,4.190000000000001
202507241204,4,28,52,2,-0.3650000000000011,6.2500000000000036
202507241204,5,32,53,2,0.254999999999999,-11.0
202507241204,6,37,52,1,0.034999999999999254,0.19000000000000128
202507241205,1,41,57,3,0.5416666666666679,8.080000000000002
202507241205,2,45,54,1,-0.39833333333333254,5.679999999999996
202507241205,3,49,53,1,-0.4083333333333323,-5.609999999999999
202507241205,4,37,55,1,-0.7083333333333321,-3.990000000000002
202507241205,5,56,51,1,-0.18833333333333258,-5.609999999999999
202507241205,6,29,53,3,1.161666666666668,1.4499999999999993
202507241206,1,45,57,2,0.21166666666666778,-7.114999999999998
202507241206,2,30,53,1,-1.1183333333333323,-8.704999999999998
202507241206,3,43,52,1,-0.8483333333333327,4.664999999999999
202507241206,4,37,52,2,0.48166666666666735,-1.7950000000000017
202507241206,5,42,51,3,0.7916666666666679,6.475000000000001
202507241206,6,29,52,2,0.48166666666666735,6.475000000000001
202507241207,1,24,52,2,-0.168333333333333,8.49666666666667
202507241207,2,54,52,1,-0.9683333333333328,-14.463333333333335
202507241207,3,41,53,1,-0.14833333333333254,-8.583333333333332
202507241207,4,28,51,2,0.9516666666666671,4.146666666666668
202507241207,5,37,54,3,1.1416666666666675,6.886666666666663
202507241207,6,55,52,1,-0.8083333333333327,3.5166666666666657
202507241208,1,24,51,1,-0.46000000000000085,6.081666666666667
202507241208,2,42,56,1,-1.3100000000000005,-7.178333333333331
202507241208,3,46,55,3,1.839999999999999,-4.028333333333329
202507241208,4,38,56,3,0.9799999999999995,4.981666666666673
202507241208,5,43,53,1,-0.5200000000000005,-1.7083333333333286
202507241208,6,37,50,1,-0.5300000000000002,1.8516666666666701
202507241209,1,32,53,2,0.14499999999999957,-19.200000000000006
202507241209,2,30,52,1,-0.7549999999999999,18.379999999999995
202507241209,3,36,55,1,-0.28500000000000014,-0.15000000000000568
202507241209,4,36,54,3,0.3250000000000002,4.289999999999992
202507241209,5,41,57,3,0.7050000000000001,-1.9500000000000028
202507241209,6,55,53,1,-0.13500000000000068,-1.3700000000000045
202507241210,1,29,51,3,0.4299999999999997,12.226666666666667
202507241210,2,29,54,2,0.8399999999999999,5.556666666666665
202507241210,3,42,51,3,0.8200000000000003,6.886666666666663
202507241210,4,42,55,1,-0.7699999999999996,-18.683333333333337
202507241210,5,48,52,1,-1.3899999999999997,1.846666666666664
202507241210,6,44,55,2,0.07000000000000028,-7.833333333333336
202507241211,1,38,53,3,0.3683333333333332,-6.31999999999999
202507241211,2,45,57,2,-0.081666666666667,-5.669999999999991
202507241211,3,24,52,2,-0.6416666666666675,10.940000000000012
202507241211,4,38,51,3,0.5583333333333327,-0.009999999999990905
202507241211,5,35,54,2,-1.291666666666667,-2.499999999999993
202507241211,6,40,53,3,1.088333333333333,3.5600000000000094
202507241212,1,45,53,3,1.1966666666666663,-5.994999999999997
202507241212,2,29,53,3,0.9066666666666672,-2.164999999999999
202507241212,3,28,52,2,-0.8933333333333335,4.465000000000003
202507241212,4,34,55,1,-1.2033333333333331,16.585
202507241212,5,30,53,1,-1.5333333333333332,-4.844999999999999
202507241212,6,46,55,3,1.5266666666666664,-8.044999999999998
202507241001,1,29,56,3,1.7633333333333336,2.2633333333333354
202507241001,2,45,52,1,0.2333333333333334,7.45333333333334
202507241001,3,41,56,1,-0.29666666666666597,0.29333333333333655
202507241001,4,28,43,1,-0.12666666666666604,-4.226666666666663
202507241001,5,35,54,1,-0.7166666666666659,1.3133333333333397
202507241001,6,31,53,1,-0.856666666666666,-7.0966666666666605
202507241002,1,37,53,3,1.5699999999999994,-6.041666666666668
202507241002,2,42,52,2,0.6499999999999995,4.158333333333331
202507241002,3,60,54,1,-0.3200000000000003,-4.071666666666669
202507241002,4,42,57,1,-0.8400000000000007,-2.5116666666666667
202507241002,5,43,63,1,-0.8600000000000003,3.348333333333329
202507241002,6,28,56,1,-0.20000000000000018,5.118333333333332
202507241003,1,57,52,3,0.8499999999999996,5.75
202507241003,2,47,55,1,-0.20000000000000018,-3.460000000000001
202507241003,3,44,55,2,0.7999999999999998,-6.700000000000003
202507241003,4,26,53,1,0.23000000000000043,-2.330000000000002
202507241003,5,40,49,1,-1.12,-0.6300000000000026
202507241003,6,47,52,1,-0.5599999999999996,7.369999999999997
202507241004,1,41,53,2,0.4683333333333337,3.1383333333333354
202507241004,2,28,53,1,-0.2716666666666665,-1.3116666666666639
202507241004,3,25,53,3,1.8583333333333334,1.1383333333333354
202507241004,4,25,51,2,-0.20166666666666622,-1.3116666666666639
202507241004,5,53,54,1,-0.4716666666666667,-1.5016666666666652
202507241004,6,54,47,1,-1.3816666666666664,-0.15166666666666373
202507241005,1,25,53,1,-0.5750000000000011,-3.2933333333333366
202507241005,2,35,56,1,-0.9650000000000007,3.7766666666666637
202507241005,3,24,44,2,0.24499999999999922,6.666666666666664
202507241005,4,49,56,2,0.6249999999999991,-1.8133333333333361
202507241005,5,40,55,2,0.2649999999999997,4.416666666666664
202507241005,6,54,61,1,0.40499999999999936,-9.753333333333337
202507241006,1,41,56,1,-0.3049999999999997,3.96833333333333
202507241006,2,23,45,1,-1.2349999999999999,1.798333333333332
202507241006,3,24,49,1,-2.145,-0.5216666666666683
202507241006,4,27,46,2,1.205,-0.8416666666666686
202507241006,5,40,52,3,0.9450000000000003,0.3183333333333316
202507241006,6,34,54,3,1.5350000000000001,-4.721666666666668
202507241007,1,43,63,1,-1.2816666666666663,3.1699999999999946
202507241007,2,39,53,1,-0.13166666666666682,3.1899999999999977
202507241007,3,28,48,2,0.25833333333333375,-4.890000000000001
202507241007,4,37,45,2,0.8083333333333336,4.719999999999999
202507241007,5,41,52,2,0.2983333333333338,-2.4300000000000033
202507241007,6,26,53,1,0.04833333333333378,-3.7600000000000016
202507241008,1,45,52,1,-0.19833333333333414,4.8116666666666745
202507241008,2,54,47,1,-1.3983333333333339,-6.288333333333327
202507241008,3,57,52,3,0.7616666666666658,3.381666666666675
202507241008,4,61,52,1,-0.4583333333333339,-1.9883333333333297
202507241008,5,42,52,2,0.3216666666666663,3.0416666666666714
202507241008,6,36,52,2,0.9716666666666667,-2.9583333333333286
202507241009,1,24,52,1,-1.8050000000000002,-2.636666666666663
202507241009,2,47,52,1,-0.375,7.083333333333336
202507241009,3,28,43,1,-0.28500000000000014,-4.786666666666665
202507241009,4,37,53,3,1.5149999999999997,-5.076666666666664
202507241009,5,41,53,2,0.7249999999999996,-0.9166666666666643
202507241009,6,24,44,2,0.22499999999999964,6.333333333333336
202507241010,1,47,55,1,-0.3899999999999997,-1.2333333333333307
202507241010,2,35,54,1,-1.2499999999999991,3.2666666666666693
202507241010,3,49,56,2,0.23000000000000043,0.36666666666666714
202507241010,4,40,52,3,0.4200000000000008,-1.4033333333333324
202507241010,5,60,54,1,-0.7499999999999991,-0.5933333333333337
202507241010,6,25,53,3,1.7400000000000002,-0.40333333333333243
202507241011,1,40,55,2,0.04833333333333378,4.57
202507241011,2,28,56,1,-0.4516666666666662,6.57
202507241011,3,29,56,3,1.4083333333333332,2.1899999999999977
202507241011,4,28,53,1,-0.2116666666666669,-4.879999999999999
202507241011,5,23,45,1,-1.5816666666666666,-1.9499999999999993
202507241011,6,44,55,2,0.7883333333333331,-6.5
202507241012,1,39,52,3,0.6716666666666669,3.288333333333334
202507241012,2,42,57,1,-1.0783333333333331,1.668333333333333
202507241012,3,25,51,2,-0.12833333333333297,-2.1516666666666673
202507241012,4,28,48,2,0.4416666666666673,-0.5316666666666663
202507241012,5,25,53,1,-0.7783333333333333,-0.41166666666666885
202507241012,6,27,46,2,0.871666666666667,-1.8616666666666681
202507240701,1,22,52,1,-0.13500000000000023,0.0
202507240701,2,29,52,1,1.3249999999999997,0.0
202507240701,3,24,54,1,-1.0650000000000004,0.0
202507240701,4,26,52,1,0.7749999999999999,0.0
202507240701,5,23,56,1,-0.5650000000000004,0.0
202507240701,6,19,54,1,-0.3350000000000004,0.0
202507240702,1,23,52,1,-0.1683333333333339,0.0
202507240702,2,25,53,2,0.9416666666666664,0.0
202507240702,3,31,52,1,-0.24833333333333396,0.0
202507240702,4,27,52,1,0.3416666666666668,0.0
202507240702,5,21,48,1,-0.5183333333333335,0.0
202507240702,6,22,52,1,-0.3483333333333336,0.0
202507240703,1,24,52,1,-0.6816666666666658,0.0
202507240703,2,27,52,2,0.08833333333333382,0.0
202507240703,3,27,55,1,0.13833333333333364,0.0
202507240703,4,20,55,1,-1.581666666666666,0.0
202507240703,5,29,53,1,0.6083333333333334,0.0
202507240703,6,21,51,2,1.4283333333333337,0.0
202507240704,1,25,53,2,1.1383333333333328,0.0
202507240704,2,27,53,1,-1.021666666666667,0.0
202507240704,3,25,52,1,1.6783333333333328,0.0
202507240704,4,22,55,2,1.2683333333333335,0.0
202507240704,5,22,51,0,-2.871666666666667,0.0
202507240704,6,29,56,1,-0.19166666666666732,0.0
202507240705,1,26,52,2,1.4316666666666666,0.0
202507240705,2,21,55,1,-0.8283333333333331,0.0
202507240705,3,25,53,3,2.201666666666667,0.0
202507240705,4,19,54,1,-0.918333333333333,0.0
202507240705,5,27,53,1,0.871666666666667,0.0
202507240705,6,25,52,0,-2.758333333333333,0.0
202507240706,1,25,51,3,2.631666666666667,0.0
202507240706,2,23,56,1,-1.268333333333333,0.0
202507240706,3,23,53,2,1.4916666666666671,0.0
202507240706,4,29,53,1,0.48166666666666735,0.0
202507240706,5,20,55,0,-2.458333333333333,0.0
202507240706,6,21,54,1,-0.878333333333333,0.0
202507240707,1,30,51,2,1.5533333333333337,0.0
202507240707,2,22,52,1,-0.7666666666666666,0.0
202507240707,3,21,48,1,-0.05666666666666664,0.0
202507240707,4,29,51,3,2.4033333333333333,0.0
202507240707,5,20,55,1,-0.8466666666666667,0.0
202507240707,6,22,52,0,-2.286666666666667,0.0
202507240708,1,25,53,2,1.1316666666666668,0.0
202507240708,2,22,51,0,-2.6083333333333334,0.0
202507240708,3,26,52,1,-0.12833333333333297,0.0
202507240708,4,27,55,1,0.6016666666666666,0.0
202507240708,5,24,50,3,2.701666666666667,0.0
202507240708,6,24,52,1,-1.6983333333333333,0.0
202507240709,1,22,55,2,1.0683333333333334,0.0
202507240709,2,24,52,1,-0.6816666666666666,0.0
202507240709,3,27,53,1,0.08833333333333293,0.0
202507240709,4,29,52,1,-0.04166666666666696,0.0
202507240709,5,31,52,1,-0.5216666666666674,0.0
202507240709,6,27,52,2,0.08833333333333293,0.0
202507240710,1,21,51,2,0.9400000000000013,0.0
202507240710,2,25,51,3,1.4800000000000013,0.0
202507240710,3,23,52,1,-0.9299999999999988,0.0
202507240710,4,26,52,2,0.16000000000000103,0.0
202507240710,5,25,53,2,0.45000000000000107,0.0
202507240710,6,21,55,1,-2.0999999999999988,0.0
202507240711,1,29,51,3,0.621666666666667,0.0
202507240711,2,30,51,2,-0.2283333333333326,0.0
202507240711,3,27,52,1,-0.9783333333333326,0.0
202507240711,4,23,53,2,-0.21833333333333282,0.0
202507240711,5,25,52,1,0.43166666666666664,0.0
202507240711,6,25,53,3,0.37166666666666703,0.0
202507240712,1,29,51,3,0.6316666666666659,0.0
202507240712,2,25,51,3,0.35166666666666657,0.0
202507240712,3,26,58,1,-1.0683333333333334,0.0
202507240712,4,23,52,3,0.4116666666666662,0.0
202507240712,5,28,52,3,1.1216666666666661,0.0
202507240712,6,24,52,1,-1.4483333333333333,0.0
202507240401,1,39,53,1,0.11333333333333329,-0.504999999999999
202507240401,2,49,53,2,1.3433333333333328,-2.085000000000001
202507240401,3,44,50,1,-0.5066666666666668,20.325
202507240401,4,35,52,1,-0.36666666666666714,-3.205000000000002
202507240401,5,40,52,1,-0.2766666666666673,-7.935000000000002
202507240401,6,42,58,1,-0.30666666666666664,-6.595000000000002
202507240402,1,28,53,1,-1.0083333333333337,3.1383333333333354
202507240402,2,27,53,0,-0.8583333333333334,-5.651666666666664
202507240402,3,28,53,2,0.8216666666666663,5.888333333333335
202507240402,4,41,52,3,0.9216666666666669,0.7583333333333329
202507240402,5,65,52,2,0.18166666666666664,5.358333333333334
202507240402,6,67,56,1,-0.05833333333333357,-9.491666666666667
202507240403,1,46,55,1,-0.04166666666666785,-5.850000000000001
202507240403,2,41,57,3,2.0283333333333324,8.909999999999997
202507240403,3,27,51,2,1.6983333333333324,-2.4200000000000017
202507240403,4,19,53,1,-2.221666666666668,13.86
202507240403,5,20,52,0,-2.4216666666666677,0.8699999999999974
202507240403,6,46,54,1,0.9583333333333321,-15.370000000000001
202507240404,1,41,58,1,-1.2233333333333327,17.934999999999995
202507240404,2,51,52,2,0.046666666666667744,-6.785000000000004
202507240404,3,45,53,0,0.1366666666666676,-8.985000000000003
202507240404,4,39,57,1,0.17666666666666764,-12.215000000000003
202507240404,5,30,54,2,0.3766666666666678,2.554999999999996
202507240404,6,46,58,1,0.48666666666666725,7.494999999999997
202507240405,1,57,53,1,-0.39833333333333343,14.406666666666673
202507240405,2,22,53,1,-0.7283333333333335,12.556666666666672
202507240405,3,40,51,2,0.7316666666666665,4.99666666666667
202507240405,4,51,55,3,2.211666666666667,-4.153333333333329
202507240405,5,42,58,1,-0.9983333333333331,-16.36333333333333
202507240405,6,29,52,0,-0.8183333333333334,-11.443333333333328
202507240406,1,31,51,1,-0.11500000000000021,5.051666666666662
202507240406,2,39,60,1,-0.6950000000000003,6.761666666666663
202507240406,3,41,52,2,0.8649999999999993,2.921666666666667
202507240406,4,45,52,1,-0.055000000000000604,0.6116666666666646
202507240406,5,24,52,1,-1.495,-1.8883333333333354
202507240406,6,40,52,3,1.495,-13.458333333333336
202507240407,1,40,55,2,1.3549999999999995,-13.936666666666671
202507240407,2,44,50,1,-0.6150000000000002,17.54333333333333
202507240407,3,67,56,1,0.5549999999999997,-9.376666666666672
202507240407,4,20,52,0,-2.615,2.8333333333333286
202507240407,5,29,50,1,-1.1350000000000002,3.2533333333333303
202507240407,6,38,53,3,2.455,-0.31666666666667
202507240408,1,35,52,1,-0.7800000000000002,-4.903333333333336
202507240408,2,41,52,3,1.2300000000000004,1.9566666666666634
202507240408,3,46,55,1,-0.54,-2.8033333333333346
202507240408,4,29,52,1,0.08000000000000007,-9.153333333333336
202507240408,5,25,54,2,0.5199999999999996,-0.6033333333333353
202507240408,6,30,50,1,-0.5099999999999998,15.506666666666668
202507240409,1,51,52,2,0.35166666666666746,-6.606666666666666
202507240409,2,39,53,1,-0.4383333333333326,1.1333333333333364
202507240409,3,29,52,0,-0.6783333333333328,-0.03666666666666529
202507240409,4,27,53,0,-0.6883333333333326,-1.1166666666666636
202507240409,5,47,51,3,1.2616666666666676,10.423333333333336
202507240409,6,36,54,2,0.19166666666666732,-3.796666666666667
202507240410,1,39,51,3,0.8016666666666667,10.406666666666666
202507240410,2,41,52,2,0.6116666666666664,0.7166666666666686
202507240410,3,49,53,2,0.48166666666666647,-14.003333333333334
202507240410,4,28,53,1,-1.1483333333333334,-5.883333333333333
202507240410,5,57,53,1,-0.5683333333333334,12.256666666666668
202507240410,6,45,52,2,-0.17833333333333368,-3.4933333333333323
202507240411,1,28,53,2,0.25333333333333385,6.768333333333327
202507240411,2,46,58,1,0.05333333333333368,4.018333333333327
202507240411,3,51,55,3,1.6133333333333342,3.5983333333333256
202507240411,4,40,52,3,0.8133333333333344,-5.761666666666674
202507240411,5,46,54,1,-0.4166666666666661,-12.641666666666673
202507240411,6,29,50,1,-2.316666666666666,4.018333333333327
202507240412,1,41,57,3,0.8650000000000011,9.091666666666661
202507240412,2,40,55,2,0.3850000000000007,-15.718333333333337
202507240412,3,39,60,1,-1.1649999999999991,11.911666666666662
202507240412,4,40,51,2,0.34500000000000064,10.20166666666666
202507240412,5,29,52,1,-0.5849999999999991,-12.018333333333338
202507240412,6,30,54,2,0.15500000000000114,-3.4683333333333373
202507240301,1,35,54,1,1.12,-8.55
202507240301,2,40,52,1,-0.08000000000000007,6.559999999999995
202507240301,3,43,55,1,-0.5900000000000003,-15.3
202507240301,4,33,56,1,0.040000000000000036,8.119999999999997
202507240301,5,24,51,1,-0.23000000000000043,-2.240000000000002
202507240301,6,27,51,1,-0.2599999999999998,11.409999999999997
202507240302,1,35,51,1,0.6083333333333334,-22.028333333333336
202507240302,2,37,52,1,-0.6016666666666666,15.361666666666665
202507240302,3,37,53,1,0.17833333333333368,8.271666666666661
202507240302,4,36,51,2,0.30833333333333357,17.331666666666663
202507240302,5,27,54,1,-1.2916666666666665,-19.518333333333338
202507240302,6,27,51,3,0.7983333333333338,0.5816666666666634
202507240303,1,22,53,1,-0.1999999999999993,-3.223333333333329
202507240303,2,41,55,1,-0.8199999999999994,-22.14333333333333
202507240303,3,36,51,2,1.0700000000000012,-5.25333333333333
202507240303,4,49,56,1,-1.0699999999999994,3.836666666666673
202507240303,5,42,62,1,-1.0699999999999994,18.39666666666667
202507240303,6,35,53,3,2.0900000000000007,8.38666666666667
202507240304,1,39,54,1,0.11833333333333318,2.7033333333333402
202507240304,2,37,53,2,0.8083333333333336,5.393333333333338
202507240304,3,30,56,1,-0.09166666666666679,-1.6366666666666632
202507240304,4,33,54,2,0.8983333333333334,-5.566666666666663
202507240304,5,22,53,1,0.33833333333333293,1.4233333333333391
202507240304,6,28,61,0,-2.0716666666666668,-2.316666666666663
202507240305,1,34,56,2,0.8166666666666664,-3.9200000000000053
202507240305,2,26,55,1,-0.09333333333333371,-9.060000000000006
202507240305,3,26,53,3,2.086666666666666,0.45999999999999375
202507240305,4,27,51,1,-0.6133333333333333,13.279999999999994
202507240305,5,20,54,1,-1.3533333333333335,1.3399999999999963
202507240305,6,46,57,1,-0.8433333333333337,-2.100000000000005
202507240306,1,57,59,2,0.3099999999999996,-8.068333333333332
202507240306,2,35,51,1,0.5599999999999996,-12.728333333333328
202507240306,3,43,52,3,1.7399999999999993,9.331666666666667
202507240306,4,55,53,0,-0.07000000000000028,-3.64833333333333
202507240306,5,40,52,1,-0.7400000000000002,10.151666666666667
202507240306,6,21,55,0,-1.8000000000000003,4.96166666666667
202507240307,1,55,54,2,0.5149999999999997,-7.165000000000006
202507240307,2,46,50,1,-0.03500000000000014,-23.075000000000006
202507240307,3,33,56,1,-0.665,3.874999999999993
202507240307,4,36,50,3,1.1949999999999994,6.964999999999996
202507240307,5,37,53,1,0.08499999999999996,9.734999999999992
202507240307,6,42,62,1,-1.0950000000000006,9.664999999999992
202507240308,1,34,56,1,-0.4349999999999996,8.121666666666666
202507240308,2,49,56,1,-0.46499999999999986,4.71166666666667
202507240308,3,24,51,1,-0.3049999999999997,3.121666666666666
202507240308,4,30,56,1,0.39500000000000046,3.121666666666666
202507240308,5,40,49,2,1.5650000000000004,-10.628333333333334
202507240308,6,27,54,1,-0.7549999999999994,-8.448333333333334
202507240309,1,45,53,1,0.11166666666666636,5.199999999999999
202507240309,2,43,55,1,-1.1683333333333334,-12.5
202507240309,3,39,54,1,0.10166666666666657,4.900000000000002
202507240309,4,37,52,1,-0.5683333333333334,23.87
202507240309,5,26,55,1,-0.31833333333333336,-8.130000000000003
202507240309,6,33,54,3,1.8416666666666668,-13.34
202507240310,1,36,51,2,1.2400000000000002,-5.760000000000002
202507240310,2,33,54,2,0.9500000000000002,-2.1900000000000013
202507240310,3,35,54,1,0.6100000000000003,-4.57
202507240310,4,46,57,1,-1.0,0.00999999999999801
202507240310,5,23,52,1,0.16999999999999993,4.379999999999999
202507240310,6,26,54,1,-1.9700000000000002,8.129999999999999
202507240311,1,35,53,3,1.3250000000000002,4.589999999999996
202507240311,2,22,53,1,-0.5449999999999999,1.509999999999998
202507240311,3,36,51,2,-0.5249999999999995,23.729999999999997
202507240311,4,26,53,3,0.9950000000000001,-0.720000000000006
202507240311,5,46,50,1,-0.7749999999999995,-18.140000000000004
202507240311,6,57,59,2,-0.47499999999999964,-10.970000000000006
202507240312,1,27,51,3,-0.12333333333333307,5.568333333333335
202507240312,2,40,49,2,0.10666666666666647,-16.711666666666666
202507240312,3,36,50,3,0.36666666666666625,10.488333333333337
202507240312,4,43,52,3,0.8666666666666663,5.018333333333331
202507240312,5,37,53,2,-0.1633333333333331,4.068333333333335
202507240312,6,22,53,1,-1.0533333333333337,-8.431666666666665
202507240201,1,49,48,1,0.6766666666666663,0.413333333333334
202507240201,2,32,49,1,1.666666666666666,-0.6466666666666683
202507240201,3,23,48,1,0.9566666666666666,-2.4366666666666674
202507240201,4,20,54,0,-1.3033333333333335,-0.8966666666666683
202507240201,5,21,49,0,-0.3533333333333335,1.903333333333336
202507240201,6,19,51,0,-1.6433333333333335,1.663333333333334
202507240202,1,23,50,0,-1.5899999999999999,8.491666666666667
202507240202,2,35,52,1,1.7900000000000005,-1.1983333333333306
202507240202,3,22,46,0,-0.44999999999999973,-3.9783333333333317
202507240202,4,29,46,1,0.98,-0.7683333333333309
202507240202,5,17,46,0,-2.26,1.1716666666666669
202507240202,6,58,47,1,1.5299999999999998,-3.7183333333333337
202507240203,1,52,49,1,1.3916666666666662,5.176666666666669
202507240203,2,25,47,1,0.43166666666666664,2.1666666666666643
202507240203,3,23,45,0,-1.6783333333333335,-4.993333333333332
202507240203,4,29,53,1,0.5516666666666667,2.1666666666666643
202507240203,5,18,48,0,-1.1683333333333334,-0.3433333333333337
202507240203,6,38,45,1,0.4716666666666667,-4.173333333333332
202507240204,1,55,46,1,1.5983333333333332,0.14833333333334053
202507240204,2,32,47,1,0.8483333333333332,2.228333333333339
202507240204,3,30,46,2,2.2583333333333333,0.528333333333336
202507240204,4,21,48,0,-2.921666666666667,-4.881666666666661
202507240204,5,40,44,1,0.5483333333333333,2.518333333333338
202507240204,6,22,46,0,-2.331666666666667,-0.5416666666666643
202507240205,1,37,46,2,2.3033333333333337,0.7833333333333243
202507240205,2,28,51,1,-0.5566666666666666,-3.4166666666666714
202507240205,3,25,45,0,-1.9466666666666663,2.0733333333333306
202507240205,4,32,47,2,2.1933333333333334,2.223333333333329
202507240205,5,28,50,1,0.9033333333333333,-0.6866666666666745
202507240205,6,23,48,0,-2.8966666666666665,-0.9766666666666737
202507240206,1,35,46,1,1.521666666666666,5.513333333333335
202507240206,2,22,46,0,-0.28833333333333355,-3.646666666666661
202507240206,3,38,45,0,0.6616666666666666,1.8733333333333348
202507240206,4,32,46,2,2.0816666666666666,-3.7466666666666626
202507240206,5,19,51,0,-2.1583333333333337,1.2833333333333385
202507240206,6,20,54,0,-1.8183333333333336,-1.2766666666666637
202507240207,1,36,45,3,3.71,4.311666666666667
202507240207,2,23,45,0,-2.1399999999999997,-4.178333333333335
202507240207,3,58,47,1,1.2199999999999998,-3.808333333333337
202507240207,4,49,48,1,-0.31000000000000005,-0.3883333333333354
202507240207,5,29,53,1,0.0900000000000003,2.981666666666662
202507240207,6,17,46,0,-2.57,1.0816666666666634
202507240208,1,29,46,1,0.9249999999999994,-0.963333333333324
202507240208,2,40,44,1,0.9549999999999996,2.4066666666666734
202507240208,3,32,49,1,0.9349999999999992,-1.5533333333333275
202507240208,4,37,45,2,2.025,5.9366666666666745
202507240208,5,21,48,0,-2.5150000000000006,-4.993333333333325
202507240208,6,17,54,0,-2.325,-0.8333333333333286
202507240209,1,28,50,1,2.006666666666666,-0.013333333333342523
202507240209,2,23,48,1,0.5566666666666662,-4.233333333333341
202507240209,3,28,51,1,0.546666666666666,-2.7433333333333394
202507240209,4,21,49,0,-0.7533333333333339,0.10666666666666202
202507240209,5,23,50,0,-1.313333333333334,7.406666666666659
202507240209,6,18,48,0,-1.043333333333334,-0.5233333333333405
202507240210,1,32,47,2,1.123333333333333,1.3500000000000085
202507240210,2,38,45,0,-1.3966666666666665,-1.0899999999999963
202507240210,3,32,47,1,-0.5866666666666669,-0.3199999999999932
202507240210,4,37,46,2,1.2333333333333334,-0.0899999999999963
202507240210,5,35,46,1,-0.5366666666666671,2.5500000000000043
202507240210,6,55,46,1,0.1633333333333331,-2.3999999999999915
202507240211,1,32,46,2,-0.07499999999999929,-5.560000000000002
202507240211,2,30,46,2,0.7250000000000005,-0.8700000000000045
202507240211,3,25,47,1,-1.7149999999999994,1.5899999999999963
202507240211,4,35,52,1,-0.20499999999999918,-2.6799999999999997
202507240211,5,52,49,1,-0.7549999999999999,4.600000000000001
202507240211,6,36,45,3,2.0250000000000004,2.9200000000000017
202507240212,1,32,49,3,1.043333333333333,4.613333333333337
202507240212,2,39,48,2,0.14333333333333265,1.0533333333333346
202507240212,3,37,47,3,0.39333333333333265,-1.1266666666666652
202507240212,4,35,48,2,-0.006666666666666821,-2.636666666666663
202507240212,5,26,45,1,-0.6766666666666667,0.7633333333333354
202507240212,6,27,46,1,-0.8966666666666674,-2.6666666666666643
202507240101,1,51,47,1,-0.7049999999999996,-8.106666666666666
202507240101,2,50,58,1,-0.47499999999999964,-1.2966666666666669
202507240101,3,42,60,1,-0.21499999999999986,1.403333333333336
202507240101,4,30,56,2,1.8950000000000005,1.5933333333333337
202507240101,5,31,53,1,-0.6649999999999996,1.6933333333333351
202507240101,6,34,54,1,0.16500000000000004,4.713333333333338
202507240102,1,23,52,1,-1.043333333333334,10.05833333333333
202507240102,2,39,52,1,-0.44333333333333425,-3.1816666666666684
202507240102,3,41,48,2,0.36666666666666625,-0.7516666666666687
202507240102,4,51,55,2,1.586666666666666,-7.051666666666669
202507240102,5,38,52,1,-0.4033333333333342,-4.311666666666671
202507240102,6,58,53,1,-0.06333333333333346,5.23833333333333
202507240103,1,33,51,1,-0.3033333333333328,-1.4316666666666684
202507240103,2,37,49,2,0.9066666666666672,-12.501666666666669
202507240103,3,34,55,1,-0.2233333333333336,1.8183333333333316
202507240103,4,58,52,1,-0.8133333333333335,12.498333333333331
202507240103,5,38,51,2,0.746666666666667,-1.1516666666666673
202507240103,6,36,50,1,-0.31333333333333346,0.7683333333333309
202507240104,1,25,44,1,0.5683333333333334,8.448333333333338
202507240104,2,43,52,2,0.628333333333333,-1.3516666666666666
202507240104,3,38,51,1,-0.7116666666666669,-3.801666666666666
202507240104,4,35,49,1,-0.48166666666666647,-8.261666666666663
202507240104,5,26,50,1,-0.831666666666667,-1.8416666666666615
202507240104,6,47,53,2,0.8283333333333331,6.808333333333337
202507240105,1,31,53,1,-1.6633333333333327,-0.09833333333333272
202507240105,2,37,52,1,-0.6133333333333324,-6.058333333333334
202507240105,3,27,45,1,-0.4233333333333329,14.801666666666666
202507240105,4,44,56,2,0.9666666666666677,-2.6483333333333334
202507240105,5,24,51,2,0.956666666666667,-5.158333333333331
202507240105,6,44,52,3,0.7766666666666673,-0.8383333333333347
202507240106,1,46,53,3,2.248333333333333,4.899999999999999
202507240106,2,23,52,1,-0.2116666666666669,9.399999999999999
202507240106,3,51,47,1,-0.7316666666666669,-10.690000000000001
202507240106,4,46,51,1,-1.0316666666666667,-1.0600000000000023
202507240106,5,24,56,1,-0.9916666666666667,-8.5
202507240106,6,62,58,1,0.7183333333333328,5.949999999999996
202507240107,1,38,51,2,0.9383333333333335,-2.734999999999996
202507240107,2,26,53,1,-0.1516666666666664,4.845000000000002
202507240107,3,39,56,3,1.168333333333333,-6.804999999999996
202507240107,4,50,58,1,-1.1716666666666669,-2.754999999999999
202507240107,5,58,53,1,0.0983333333333336,5.705000000000002
202507240107,6,28,53,1,-0.8816666666666668,1.745000000000001
202507240108,1,43,52,2,0.7183333333333337,-0.9533333333333402
202507240108,2,51,57,1,-1.3716666666666657,1.9166666666666643
202507240108,3,59,56,1,-1.0816666666666657,1.8966666666666612
202507240108,4,34,55,1,-0.03166666666666629,-2.7133333333333383
202507240108,5,41,52,3,2.0083333333333337,6.646666666666661
202507240108,6,38,52,1,-0.24166666666666625,-6.79333333333334
202507240109,1,39,52,1,-0.7000000000000002,-1.2733333333333299
202507240109,2,37,50,2,0.6699999999999999,4.086666666666666
202507240109,3,33,51,1,-0.5299999999999994,-1.5733333333333306
202507240109,4,31,51,3,0.7600000000000007,1.1566666666666698
202507240109,5,38,51,1,-1.04,0.9866666666666681
202507240109,6,24,51,2,0.8399999999999999,-3.3833333333333293
202507240110,1,37,49,2,0.7433333333333341,-14.964999999999996
202507240110,2,41,48,2,0.17333333333333378,-1.1649999999999956
202507240110,3,57,48,1,-1.166666666666666,-10.344999999999995
202507240110,4,30,48,2,0.4233333333333338,1.3050000000000068
202507240110,5,25,44,1,0.3033333333333337,10.915000000000006
202507240110,6,27,45,1,-0.47666666666666657,14.255000000000003
202507240111,1,51,55,2,1.163333333333333,-4.140000000000001
202507240111,2,37,56,3,0.3633333333333333,-6.310000000000002
202507240111,3,62,58,1,-0.5366666666666671,9.519999999999996
202507240111,4,36,50,1,-0.706666666666667,1.629999999999999
202507240111,5,37,52,1,-0.8966666666666665,-3.280000000000001
202507240111,6,30,56,2,0.6133333333333333,2.5799999999999983
202507240112,1,41,52,3,0.48666666666666636,5.223333333333336
202507240112,2,44,52,3,-0.44333333333333336,-4.876666666666665
202507240112,3,36,53,3,0.3266666666666671,-1.9266666666666623
202507240112,4,46,53,3,0.05666666666666664,1.653333333333336
202507240112,5,32,53,3,-0.07333333333333325,11.103333333333339
202507240112,6,39,56,3,-0.3533333333333335,-11.176666666666662
