年,月,日,レース場番号,レース番号,距離(m),天候,風向,風速(m),波高(cm),単勝_艇番,単勝_払戻金,複勝1着_艇番,複勝1着_払戻金,複勝2着_艇番,複勝2着_払戻金,2連単_艇番,2連単_払戻金,2連単_人気,2連複_艇番,2連複_払戻金,2連複_人気,拡連複1_艇番,拡連複1_払戻金,拡連複1_人気,拡連複2_艇番,拡連複2_払戻金,拡連複2_人気,拡連複3_艇番,拡連複3_払戻金,拡連複3_人気,3連単_艇番,3連単_払戻金,3連単_人気,3連複_艇番,3連複_払戻金,3連複_人気,1艇_着順,1艇_選手登番,1艇_艇番,1艇_モーター番号,1艇_ボート番号,1艇_展示,1艇_進入,1艇_スタートタイミング,1艇_レースタイム,2艇_着順,2艇_選手登番,2艇_艇番,2艇_モーター番号,2艇_ボート番号,2艇_展示,2艇_進入,2艇_スタートタイミング,2艇_レースタイム,3艇_着順,3艇_選手登番,3艇_艇番,3艇_モーター番号,3艇_ボート番号,3艇_展示,3艇_進入,3艇_スタートタイミング,3艇_レースタイム,4艇_着順,4艇_選手登番,4艇_艇番,4艇_モーター番号,4艇_ボート番号,4艇_展示,4艇_進入,4艇_スタートタイミング,4艇_レースタイム,5艇_着順,5艇_選手登番,5艇_艇番,5艇_モーター番号,5艇_ボート番号,5艇_展示,5艇_進入,5艇_スタートタイミング,5艇_レースタイム,6艇_着順,6艇_選手登番,6艇_艇番,6艇_モーター番号,6艇_ボート番号,6艇_展示,6艇_進入,6艇_スタートタイミング,6艇_レースタイム
2024,1,1,24,1,1800,晴,北,3,2,1,130,1,140,3,290,1-3,390,1,1-3,310,1,1-3,190,1,1-6,420,7,3-6,620,10,1-3-6,1830,5,1-3-6,760,3,1,3501,1,50,12,6.89,1,0.08,1.49.7,5,5129,2,46,61,6.83,2,0.13,,2,4299,3,59,49,6.87,3,0.08,1.50.1,6,4855,4,18,67,6.83,4,0.21,,4,4393,5,31,45,6.86,5,0.09,1.51.6,3,3773,6,57,25,6.77,6,0.11,1.51.3
2024,1,1,24,2,1800,晴,北東,3,2,1,110,1,110,5,490,1-5,880,4,1-5,570,3,1-5,210,4,1-2,130,1,2-5,210,3,1-5-2,2120,8,1-2-5,480,2,1,4315,1,74,22,6.79,1,0.24,1.48.3,3,4603,2,26,57,6.83,2,0.21,1.51.1,5,5048,3,28,58,6.87,3,0.19,,4,5219,4,66,54,6.85,4,0.16,1.52.7,2,4241,5,72,32,6.84,5,0.17,1.50.6,6,4705,6,70,41,6.84,6,0.19,
2024,1,1,24,3,1800,晴,北,1,1,1,290,1,100,2,100,1-2,690,3,1-2,240,1,1-2,210,5,1-4,860,10,2-4,190,3,1-2-4,3310,14,1-2-4,610,2,1,3752,1,68,29,6.84,1,0.08,1.48.5,2,4352,2,39,19,6.84,2,0.05,1.49.4,5,4498,3,53,11,6.80,3,0.09,,3,4924,4,76,39,6.82,4,0.12,1.51.7,6,3906,5,41,24,6.88,5,0.17,,4,4695,6,11,63,6.88,6,0.22,1.52.3
2024,1,1,24,4,1800,晴,無風,0,1,3,320,3,100,1,150,3-1,860,4,1-3,340,1,1-3,150,1,3-6,170,3,1-6,200,4,3-1-6,1730,5,1-3-6,330,1,2,4248,1,22,72,6.93,1,0.09,1.50.0,4,4004,2,47,17,6.82,2,0.11,1.52.2,1,3944,3,16,16,6.85,3,0.08,1.48.9,5,4638,4,24,53,6.84,4,0.16,,6,5195,5,17,37,6.88,5,0.14,,3,4096,6,21,56,6.79,6,0.05,1.51.6
2024,1,1,24,5,1800,晴,南東,1,1,1,280,1,250,5,360,1-5,1860,7,1-5,1870,7,1-5,130,1,1-3,140,2,3-5,160,3,1-5-3,3540,12,1-3-5,340,1,1,4332,1,37,26,6.85,1,0.08,1.48.2,6,5208,2,44,44,6.85,2,0.06,,3,4715,3,38,48,6.86,3,0.09,1.51.5,4,4213,4,71,34,6.78,4,0.11,1.52.8,2,4259,5,12,73,6.88,5,0.12,1.48.9,5,3964,6,58,15,6.84,6,0.18,
2024,1,1,24,6,1800,晴,南東,2,1,1,160,1,120,2,130,1-2,450,2,1-2,440,2,1-2,150,2,1-4,110,1,2-4,350,7,1-2-4,910,3,1-2-4,340,1,1,5086,1,67,46,6.79,1,0.10,1.46.3,2,4705,2,70,41,6.87,2,0.11,1.50.0,4,5124,3,63,18,6.87,3,0.12,1.51.5,3,4497,4,15,76,6.86,4,0.18,1.51.2,6,4301,5,25,66,6.91,5,0.21,,5,4919,6,23,62,6.84,6,0.26,
2024,1,1,24,7,1800,晴,東,1,1,3,890,3,190,1,120,3-1,3260,8,1-3,510,3,1-3,170,3,3-4,310,8,1-4,130,1,3-1-4,9040,24,1-3-4,410,3,2,4171,1,35,75,6.93,1,0.21,1.49.4,4,3773,2,57,25,6.79,2,0.16,1.52.2,1,4151,3,51,27,6.86,3,0.16,1.48.6,3,4966,4,60,74,6.87,4,0.09,1.51.1,5,4603,5,26,57,6.83,5,0.07,,6,5011,6,65,13,6.94,6,0.11,
2024,1,1,24,8,1800,晴,南東,2,1,1,110,1,110,5,140,1-5,450,3,1-5,310,2,1-5,200,2,1-2,270,4,2-5,630,9,1-5-2,1960,10,1-2-5,850,4,1,4236,1,43,59,6.84,1,0.18,1.48.1,3,3906,2,41,24,6.97,2,0.23,1.50.5,5,4822,3,30,31,6.91,3,0.21,,6,3501,4,50,12,6.90,4,0.18,,2,4315,5,74,22,6.79,5,0.16,1.49.3,4,4004,6,47,17,6.86,6,0.14,1.52.1
2024,1,1,24,9,1800,晴,無風,0,1,1,140,1,110,5,230,1-5,580,3,1-5,510,3,1-5,150,3,1-3,150,2,3-5,250,5,1-5-3,1700,6,1-3-5,460,3,1,4924,1,76,39,6.83,1,0.14,1.48.3,4,5195,2,17,37,6.87,2,0.16,1.53.1,3,4088,3,13,70,6.83,3,0.23,1.51.3,6,5227,4,64,52,6.89,4,0.24,,2,5129,5,46,61,6.88,5,0.19,1.49.4,5,5250,6,14,36,6.84,6,0.19,
2024,1,1,24,10,1800,晴,南東,1,1,1,160,1,100,2,160,1-2,300,1,1-2,250,1,1-2,140,1,1-5,170,2,2-5,200,4,1-2-5,900,1,1-2-5,400,1,1,3527,1,32,20,6.87,1,0.01,1.48.2,2,4948,2,49,50,6.83,2,0.10,1.49.7,5,4241,3,72,32,6.85,3,0.18,,4,3843,4,29,64,6.85,4,0.10,1.50.9,3,5086,5,67,46,6.78,5,0.16,1.50.8,6,4981,6,27,14,6.92,6,0.21,
2024,1,1,24,11,1800,晴,東,1,1,4,900,4,360,5,1840,4-5,8220,13,4-5,4270,8,4-5,1750,14,1-4,230,3,1-5,680,10,4-5-1,24670,42,1-4-5,2390,9,3,3944,1,16,16,6.82,1,0.22,1.51.6,6,4259,2,12,73,6.86,2,0.23,,4,4919,3,23,62,6.82,3,0.24,1.52.3,1,4498,4,53,11,6.85,4,0.16,1.48.7,2,5048,5,28,58,6.86,5,0.17,1.50.3,5,4966,6,60,74,6.84,6,0.17,
2024,1,1,24,12,1800,晴,南東,1,1,1,150,1,110,4,210,1-4,500,3,1-4,530,3,1-4,170,3,1-2,160,2,2-4,420,8,1-4-2,1490,6,1-2-4,470,3,1,4497,1,15,76,6.84,1,0.12,1.47.8,3,4096,2,21,56,6.79,2,0.18,1.49.7,4,4236,3,43,59,6.87,3,0.14,1.51.0,2,4352,4,39,19,6.87,4,0.20,1.49.0,5,4171,5,35,75,6.88,5,0.26,,6,4715,6,38,48,6.86,6,0.18,
2024,1,1,21,1,1800,,東,3,3,1,100,1,100,3,140,1-3,240,2,1-3,270,2,1-3,120,2,1-2,100,1,2-3,220,4,1-3-2,610,4,1-2-3,250,1,1,4932,1,22,33,6.63,1,0.12,1.45.2,3,3434,2,36,28,6.75,2,0.14,1.51.3,2,3804,3,23,29,6.73,3,0.13,1.49.5,5,5008,4,38,37,6.73,4,0.19,,6,5286,5,44,50,6.71,5,0.21,,4,4346,6,11,51,6.79,6,0.21,1.52.3
2024,1,1,21,2,1800,,北東,2,2,4,310,4,120,1,100,4-1,550,3,1-4,150,1,1-4,100,1,4-6,190,5,1-6,190,4,4-1-6,1130,4,1-4-6,290,2,2,5029,1,5,41,6.71,1,0.17,1.49.8,4,4355,2,10,24,6.72,2,0.23,1.52.3,5,3741,3,64,13,6.66,3,0.21,,1,4566,4,6,72,6.62,4,0.11,1.47.2,6,5284,5,3,21,6.65,6,0.18,,3,4588,6,24,15,6.68,5,0.23,1.51.2
2024,1,1,21,3,1800,,北東,2,2,1,120,1,100,5,180,1-5,800,4,1-5,540,4,1-5,150,2,1-3,110,1,3-5,270,5,1-5-3,1670,7,1-3-5,300,1,1,4189,1,20,27,6.67,1,0.20,1.48.2,4,4368,2,39,52,6.70,2,0.14,1.51.5,3,4451,3,19,19,6.71,3,0.12,1.50.3,6,4406,4,59,66,6.66,4,0.09,,2,3514,5,33,36,6.68,5,0.10,1.49.0,5,5012,6,15,47,6.73,6,0.11,
2024,1,1,21,4,1800,,北東,3,3,4,1810,4,1550,5,1130,4-5,11510,13,4-5,4870,8,4-5,810,10,1-4,460,8,1-5,200,2,4-5-1,30270,34,1-4-5,1010,5,3,4522,1,25,31,6.69,1,0.22,1.51.0,4,4551,2,49,48,6.74,2,0.22,1.52.7,6,5073,3,32,64,6.73,3,0.26,,1,5207,4,62,58,6.72,4,0.14,1.48.2,2,4193,5,1,55,6.72,5,0.18,1.49.4,5,5268,6,65,38,6.77,6,0.27,
2024,1,1,21,5,1800,,北東,3,3,1,100,1,100,5,100,1-5,240,1,1-5,200,1,1-5,120,1,1-6,260,5,5-6,400,9,1-5-6,920,3,1-5-6,550,4,1,3783,1,56,61,6.66,1,0.13,1.47.2,6,4367,2,29,39,6.69,2,0.18,,5,4094,3,12,20,6.68,3,0.18,,4,3804,4,23,29,6.71,4,0.08,1.51.9,2,3876,5,8,44,6.65,5,0.09,1.48.8,3,4506,6,45,25,6.70,6,0.16,1.50.4
2024,1,1,21,6,1800,,北,2,2,4,550,4,470,5,130,4-5,1660,9,4-5,790,5,4-5,170,2,2-4,350,9,2-5,170,1,4-5-2,3880,18,2-4-5,480,3,6,4355,1,10,24,6.69,1,0.09,,3,4684,2,52,18,6.70,2,0.10,1.50.9,4,5008,3,38,37,6.73,3,0.12,1.52.8,1,3523,4,18,34,6.75,4,0.09,1.48.0,2,4364,5,21,11,6.66,5,0.08,1.48.9,5,5274,6,16,73,6.74,6,0.17,
2024,1,1,21,7,1800,,北東,3,3,1,200,1,100,3,100,1-3,300,1,1-3,250,1,1-3,120,1,1-5,160,2,3-5,220,5,1-3-5,730,1,1-3-5,310,1,1,3703,1,46,56,6.75,1,0.12,1.48.5,4,3537,2,9,14,6.75,2,0.17,1.52.5,2,5012,3,15,47,6.79,3,0.16,1.49.4,6,3741,4,64,13,6.75,4,0.16,,3,4395,5,40,70,6.71,5,0.17,1.50.4,5,5286,6,44,50,6.72,6,0.21,
2024,1,1,21,8,1800,,北東,3,3,1,200,1,170,5,220,1-5,710,2,1-5,440,2,1-5,220,5,1-3,160,2,3-5,130,1,1-5-3,1460,3,1-3-5,320,1,1,4121,1,14,69,6.70,1,0.09,1.46.9,4,3514,2,33,36,6.70,2,0.16,1.51.9,3,5029,3,5,41,6.69,3,0.12,1.50.4,6,5268,4,65,38,6.72,4,0.18,,2,4522,5,25,31,6.65,5,0.12,1.48.5,5,3444,6,63,43,6.66,6,0.08,
2024,1,1,21,9,1800,晴,北東,3,3,1,110,1,130,3,210,1-3,370,2,1-3,360,2,1-3,160,1,1-2,160,2,2-3,190,5,1-3-2,1340,4,1-2-3,420,2,1,4193,1,1,55,6.69,1,0.11,1.48.0,3,3574,2,54,53,6.79,2,0.19,1.51.4,2,4588,3,24,15,6.75,4,0.17,1.49.3,4,3434,4,36,28,6.78,5,0.13,1.52.3,5,5073,5,32,64,6.75,6,0.16,,6,4288,6,4,42,6.77,3,0.18,
2024,1,1,21,10,1800,晴,北東,2,2,2,220,2,150,4,180,2-4,930,4,2-4,730,3,2-4,120,2,1-2,110,1,1-4,140,3,2-4-1,1650,7,1-2-4,200,1,3,4521,1,2,54,6.74,1,0.17,1.50.4,1,3783,2,56,61,6.67,2,0.25,1.47.8,6,5207,3,62,58,6.70,3,0.38,,2,4189,4,20,27,6.69,4,0.17,1.49.3,5,4551,5,49,48,6.70,5,0.13,,4,4451,6,19,19,6.71,6,0.16,1.52.0
2024,1,1,21,11,1800,,北,2,2,1,310,1,210,2,150,1-2,640,3,1-2,370,2,1-2,150,3,1-4,140,2,2-4,120,1,1-2-4,1210,2,1-2-4,210,1,1,3523,1,18,34,6.78,1,0.14,1.47.4,2,3876,2,8,44,6.65,2,0.16,1.49.1,6,4395,3,40,70,6.76,3,0.13,,3,4932,4,22,33,6.64,4,0.09,1.50.6,4,4368,5,39,52,6.77,5,0.14,1.51.9,5,4640,6,47,71,6.78,6,0.13,
2024,1,1,21,12,1800,,北,1,1,1,110,1,100,4,190,1-4,440,2,1-4,370,2,1-4,210,4,1-2,200,3,2-4,430,7,1-4-2,1410,3,1-2-4,500,1,1,4364,1,21,11,6.64,1,0.08,1.47.2,3,4506,2,45,25,6.66,2,0.10,1.49.5,4,4684,3,52,18,6.72,3,0.08,1.50.7,2,4424,4,13,17,6.59,4,0.08,1.48.5,5,4288,5,4,42,6.76,5,0.06,,6,4566,6,6,72,6.69,6,0.10,
2024,1,1,20,1,1800,晴,北,1,1,1,120,1,100,2,180,1-2,450,3,1-2,430,3,1-2,210,3,1-3,110,1,2-3,380,8,1-2-3,1200,4,1-2-3,390,2,1,5104,1,51,50,6.83,1,0.08,1.49.0,2,5192,2,15,28,6.90,2,0.07,1.52.0,3,5210,3,24,30,6.81,3,0.16,1.53.2,5,5148,4,53,46,6.90,4,0.17,,4,5193,5,26,72,6.90,5,0.19,1.54.5,6,5271,6,4,29,6.87,6,0.21,
2024,1,1,20,2,1800,晴,北東,2,2,2,830,2,210,3,160,2-3,3200,13,2-3,940,4,2-3,420,8,2-6,1060,14,3-6,350,6,2-3-6,15170,49,2-3-6,2540,9,4,5155,1,12,39,6.87,1,0.17,1.54.3,1,4180,2,31,75,6.93,4,0.18,1.50.0,2,4155,3,48,25,6.86,5,0.11,1.52.2,5,4549,4,59,49,6.87,2,0.23,,6,4874,5,13,15,6.99,3,0.15,,3,4632,6,45,65,6.88,6,0.18,1.53.0
2024,1,1,20,3,1800,晴,北東,1,1,2,340,2,100,1,110,2-1,390,2,1-2,180,1,1-2,130,1,2-5,510,6,1-5,650,8,2-1-5,3350,11,1-2-5,1160,3,2,4463,1,7,60,6.90,1,0.18,1.51.3,1,4544,2,3,58,6.80,2,0.21,1.49.0,6,4046,3,36,18,6.84,3,0.26,,4,4958,4,10,64,6.88,4,0.18,1.54.6,3,5102,5,55,11,6.93,5,0.19,1.53.2,5,5330,6,43,51,6.88,6,0.15,
2024,1,1,20,4,1800,晴,北東,1,1,5,1110,5,420,2,120,5-2,1970,9,2-5,650,3,2-5,180,3,3-5,160,1,2-3,180,2,5-2-3,4580,21,2-3-5,370,1,6,4866,1,23,73,6.95,1,0.11,,2,4413,2,49,37,6.91,2,0.11,1.50.8,3,3662,3,28,23,6.86,3,0.12,1.51.7,5,4349,4,50,42,6.89,4,0.16,,1,4287,5,38,19,6.95,5,0.14,1.50.3,4,4789,6,46,45,6.85,6,0.17,1.54.0
2024,1,1,20,5,1800,晴,北東,1,1,1,100,1,100,3,220,1-3,460,3,1-3,310,3,1-3,190,4,1-4,150,2,3-4,300,6,1-3-4,890,4,1-3-4,360,2,1,4296,1,40,36,6.90,1,0.12,1.50.8,4,4403,2,9,34,6.90,2,0.08,1.53.2,2,4679,3,54,71,6.91,3,0.13,1.51.5,3,4402,4,20,63,6.89,4,0.17,1.52.4,5,5258,5,42,59,6.95,5,0.16,,6,5203,6,29,66,6.87,6,0.13,
2024,1,1,20,6,1800,晴,北東,3,3,6,280,6,130,5,120,6-5,1380,6,5-6,780,3,5-6,200,2,1-6,480,9,1-5,260,4,6-5-1,4400,21,1-5-6,1330,7,3,3352,1,60,62,6.99,6,0.11,1.54.3,5,4549,2,59,49,6.94,3,0.15,,4,4936,3,6,20,6.98,2,0.18,1.54.8,6,5271,4,4,29,6.89,5,0.18,,2,4148,5,34,24,6.90,4,0.14,1.52.4,1,3919,6,57,48,6.96,1,0.09,1.51.1
2024,1,1,20,7,1800,晴,北東,2,2,1,220,1,110,5,170,1-5,520,2,1-5,340,2,1-5,200,3,1-4,280,4,4-5,460,6,1-5-4,2350,7,1-4-5,970,4,1,4195,1,5,55,6.90,1,0.21,1.50.3,4,4046,2,36,18,6.86,2,0.19,1.54.1,5,4079,3,16,74,6.87,3,0.18,,3,4100,4,21,27,6.94,4,0.15,1.51.6,2,4371,5,41,33,6.96,5,0.17,1.50.9,6,4252,6,19,22,6.95,6,0.21,
2024,1,1,20,8,1800,晴,北東,3,3,1,120,1,110,2,180,1-2,230,2,1-2,210,2,1-2,100,1,1-3,100,2,2-3,100,3,1-2-3,210,2,1-2-3,100,1,1,4848,1,56,38,6.84,1,0.03,1.49.4,2,3662,2,28,23,6.89,2,0.00,1.51.2,3,4441,3,2,47,6.92,3,0.03,1.52.2,F,5155,4,12,39,6.91,5,-0.01,,F,5330,5,43,51,6.87,6,-0.01,,4,5162,6,39,12,6.88,4,0.07,1.54.7
2024,1,1,20,9,1800,晴,北東,1,1,4,320,4,150,5,280,4-5,1170,4,4-5,570,3,4-5,320,5,3-4,1160,13,3-5,1970,14,4-5-3,23320,44,3-4-5,9140,14,S1,4287,1,38,19,6.95,1,0.16,,4,4314,2,27,54,6.85,2,0.16,2.01.2,3,5144,3,18,14,6.91,3,0.11,1.59.1,1,4544,4,3,58,6.77,4,0.15,1.54.2,2,4403,5,9,34,6.89,5,0.14,1.56.6,5,4487,6,37,52,6.90,6,0.15,
2024,1,1,20,10,1800,晴,無風,0,1,4,360,4,190,1,120,4-1,990,4,1-4,280,2,1-4,130,1,4-5,240,6,1-5,200,4,4-1-5,2510,9,1-4-5,470,2,2,4413,1,49,37,6.90,1,0.16,1.51.7,4,4402,2,20,63,6.88,2,0.21,1.54.3,6,4180,3,31,75,6.92,3,0.20,,1,4148,4,34,24,6.92,4,0.12,1.50.7,3,4463,5,7,60,6.86,5,0.13,1.53.5,5,5192,6,15,28,6.91,6,0.11,
2024,1,1,20,11,1800,晴,北東,2,2,1,120,1,110,5,170,1-5,340,1,1-5,260,1,1-5,140,1,1-4,210,3,4-5,480,10,1-5-4,1390,4,1-4-5,470,3,1,4155,1,48,25,6.80,1,0.16,1.49.9,6,3919,2,57,48,7.00,2,0.18,,5,4866,3,23,73,6.94,3,0.13,,3,4195,4,5,55,6.92,4,0.18,1.53.0,2,4296,5,40,36,6.91,5,0.12,1.51.9,4,4958,6,10,64,6.91,6,0.18,1.54.5
2024,1,1,20,12,1800,晴,北東,1,1,1,110,1,100,4,160,1-4,420,2,1-4,310,1,1-4,120,1,1-2,140,2,2-4,220,6,1-4-2,880,2,1-2-4,260,1,1,4349,1,50,42,6.87,1,0.17,1.50.8,3,4874,2,13,15,6.99,2,0.15,1.53.2,4,5162,3,39,12,6.91,3,0.16,1.54.3,2,4936,4,6,20,6.98,4,0.16,1.51.4,6,5203,5,29,66,6.86,5,0.14,,5,5148,6,53,46,6.90,6,0.15,
2024,1,1,19,1,1800,,北東,2,2,1,270,1,300,3,140,1-3,550,1,1-3,550,2,1-3,210,2,1-2,350,6,2-3,250,3,1-3-2,1690,4,1-2-3,510,2,1,5231,1,12,35,6.81,1,0.08,1.48.7,3,2930,2,58,36,6.77,2,0.13,1.51.6,2,4846,3,52,34,6.81,3,0.14,1.50.6,6,3708,4,36,22,6.89,4,0.13,,5,3709,5,28,24,6.82,5,0.15,,4,4396,6,53,17,6.82,6,0.14,1.52.3
2024,1,1,19,2,1800,晴,北東,3,3,1,320,1,150,2,150,1-2,640,3,1-2,530,2,1-2,130,2,1-3,120,1,2-3,180,3,1-2-3,1110,2,1-2-3,220,1,1,5146,1,31,25,6.80,2,0.10,1.48.7,2,4890,2,44,33,6.81,1,0.04,1.50.8,3,4158,3,71,21,6.80,3,0.10,1.51.5,5,3875,4,21,53,6.88,4,0.11,,4,4782,5,72,68,6.79,5,0.08,1.52.8,6,5336,6,64,41,6.83,6,0.11,
2024,1,1,19,3,1800,晴,北,2,2,1,190,1,110,5,350,1-5,1040,3,1-5,630,3,1-5,220,3,1-2,170,1,2-5,240,4,1-5-2,2580,6,1-2-5,700,2,1,5152,1,63,18,6.78,1,0.07,1.49.0,3,4007,2,48,65,6.78,2,0.09,1.51.1,5,4425,3,56,67,6.77,3,0.16,,4,4574,4,20,55,6.83,4,0.17,1.51.5,2,4324,5,46,69,6.74,5,0.16,1.50.7,6,4985,6,51,12,6.83,6,0.21,
2024,1,1,19,4,1800,晴,北,1,1,2,120,2,120,3,170,2-3,290,1,2-3,270,2,2-3,190,2,2-4,350,7,3-4,680,12,2-3-4,1860,6,2-3-4,1170,5,5,5158,1,67,45,6.84,1,0.14,,1,4601,2,43,61,6.76,2,0.06,1.48.0,2,4009,3,42,28,6.82,3,0.11,1.49.9,3,4871,4,25,64,6.82,4,0.15,1.51.4,4,4251,5,33,71,6.80,5,0.12,1.52.2,6,4017,6,70,51,6.79,6,0.11,
2024,1,1,19,5,1800,晴,北,1,1,1,220,1,130,5,190,1-5,520,1,1-5,310,1,1-5,170,1,1-3,450,7,3-5,660,11,1-5-3,3270,11,1-3-5,960,4,1,4443,1,41,40,6.84,1,0.14,1.47.9,6,5027,2,54,72,6.76,2,0.13,,3,4005,3,16,23,6.81,3,0.12,1.50.8,5,5083,4,26,13,6.88,4,0.18,,2,3961,5,19,30,6.78,5,0.15,1.48.9,4,4064,6,45,57,6.80,6,0.16,1.51.1
2024,1,1,19,6,1800,,北,2,2,1,140,1,160,6,170,1-6,1020,2,1-6,730,3,1-6,380,6,1-4,590,11,4-6,630,12,1-6-4,7290,30,1-4-6,2110,10,1,3851,1,65,70,6.81,1,0.18,1.49.0,4,4014,2,61,58,6.74,2,0.13,1.52.3,6,3731,3,57,62,6.74,3,0.16,,3,5000,4,68,16,6.77,4,0.07,1.51.4,5,3711,5,49,73,6.82,5,0.09,,2,4361,6,13,54,6.81,6,0.11,1.50.1
2024,1,1,19,7,1800,,北,3,3,1,260,1,100,2,190,1-2,1300,5,1-2,890,4,1-2,210,4,1-6,130,1,2-6,190,3,1-2-6,2200,5,1-2-6,280,1,1,5031,1,17,32,6.75,1,0.12,1.48.8,2,4567,2,18,46,6.72,2,0.18,1.49.9,4,5146,3,31,25,6.80,3,0.23,1.52.4,5,5067,4,55,47,6.86,4,0.22,,6,3581,5,14,20,6.90,5,0.22,,3,3942,6,40,19,6.81,6,0.31,1.51.2
2024,1,1,19,8,1800,,北,2,2,1,110,1,150,2,350,1-2,330,1,1-2,220,1,1-2,130,1,1-5,150,2,2-5,270,5,1-2-5,980,2,1-2-5,510,3,1,4817,1,47,11,6.78,1,0.16,1.48.9,2,4574,2,20,55,6.85,2,0.13,1.49.7,4,4592,3,29,56,6.80,3,0.08,1.52.2,5,5145,4,50,38,6.77,4,0.16,,3,4007,5,48,65,6.81,5,0.08,1.51.4,6,5123,6,22,63,6.83,6,0.09,
2024,1,1,19,9,1800,,北,2,2,1,120,1,100,2,140,1-2,190,1,1-2,130,1,1-2,110,1,1-3,130,2,2-3,130,3,1-2-3,320,1,1-2-3,140,1,1,4064,1,45,57,6.75,1,0.11,1.48.2,2,4324,2,46,69,6.73,2,0.11,1.50.2,3,4601,3,43,61,6.73,4,0.13,1.50.9,4,4425,4,56,67,6.78,5,0.16,1.52.7,5,2930,5,58,36,6.83,3,0.21,,6,4005,6,16,23,6.79,6,0.15,
2024,1,1,19,10,1800,,北,3,3,1,110,1,100,2,100,1-2,180,1,1-2,130,1,1-2,110,1,1-4,140,3,2-4,230,4,1-2-4,400,2,1-2-4,290,2,1,4361,1,13,54,6.80,1,0.07,1.48.6,2,3961,2,19,30,6.81,2,0.11,1.49.3,4,3708,3,36,22,6.76,3,0.11,1.52.1,3,4009,4,42,28,6.77,4,0.11,1.50.4,6,4846,5,52,34,6.83,5,0.23,,5,4443,6,41,40,6.84,6,0.22,
2024,1,1,19,11,1800,,北,3,3,1,100,1,100,6,430,1-6,990,4,1-6,900,4,1-6,230,4,1-3,140,2,3-6,610,8,1-6-3,2080,7,1-3-6,570,3,1,3942,1,40,19,6.76,1,0.16,1.48.2,4,3711,2,49,73,6.82,2,0.13,1.51.2,3,4817,3,47,11,6.77,3,0.09,1.51.1,5,4158,4,71,21,6.84,5,0.12,,F,5027,5,54,72,6.84,6,-0.03,,2,3731,6,57,62,6.84,4,0.11,1.49.4
2024,1,1,19,12,1800,,北,3,3,1,110,1,100,2,140,1-2,270,1,1-2,230,1,1-2,120,1,1-6,200,3,2-6,1210,14,1-2-6,1620,7,1-2-6,1180,6,1,4985,1,51,12,6.83,1,0.11,1.48.2,2,4251,2,33,71,6.79,2,0.17,1.50.0,6,5152,3,63,18,6.77,3,0.14,,5,5231,4,12,35,6.79,4,0.10,,4,4567,5,18,46,6.79,5,0.24,1.52.6,3,4890,6,44,33,6.81,6,0.12,1.50.8
2024,1,1,18,1,1800,晴,北東,1,1,1,120,1,100,3,210,1-3,200,1,1-3,240,1,1-3,140,1,1-2,230,4,2-3,470,8,1-3-2,1070,4,1-2-3,490,3,1,4980,1,25,21,6.86,1,0.06,1.49.3,3,5101,2,63,72,6.86,2,0.15,1.53.3,2,4234,3,70,74,6.90,3,0.12,1.52.3,5,3878,4,20,59,6.92,4,0.24,,4,5032,5,42,35,6.88,5,0.16,1.54.1,6,5181,6,62,15,6.92,6,0.13,
2024,1,1,18,2,1800,晴,北東,1,1,2,710,2,260,4,200,2-4,7240,16,2-4,2070,7,2-4,400,6,2-5,1650,15,4-5,450,7,2-4-5,39750,59,2-4-5,6360,13,4,4264,1,43,34,6.94,1,0.22,1.53.9,1,5170,2,39,37,6.91,2,0.22,1.50.4,6,4323,3,60,69,6.94,3,0.20,,2,4237,4,54,58,6.87,4,0.16,1.51.6,3,3710,5,36,75,6.97,5,0.18,1.52.5,5,4703,6,52,45,6.95,6,0.20,
2024,1,1,18,3,1800,晴,東,1,1,1,140,1,250,3,1030,1-3,520,3,1-3,540,3,1-3,260,4,1-6,120,1,3-6,350,8,1-3-6,1020,4,1-3-6,320,2,1,3158,1,15,17,6.87,1,0.18,1.50.0,6,3568,2,53,71,6.87,2,0.17,,2,3661,3,16,56,6.85,3,0.23,1.51.1,4,5106,4,44,51,6.88,4,0.28,1.54.0,5,5238,5,11,14,6.84,5,0.18,,3,4239,6,34,52,6.82,6,0.18,1.51.6
2024,1,1,18,4,1800,晴,北,1,1,1,100,1,100,3,350,1-3,840,4,1-3,690,3,1-3,200,5,1-2,140,2,2-3,190,4,1-3-2,2050,6,1-2-3,430,2,1,4015,1,35,48,6.89,1,0.21,1.50.6,3,4950,2,31,60,6.84,2,0.27,1.53.3,2,3305,3,13,30,6.94,3,0.24,1.51.9,4,3930,4,59,40,6.89,4,0.19,1.54.3,6,4697,5,28,67,6.83,5,0.22,,5,5263,6,55,44,6.84,6,0.25,
2024,1,1,18,5,1800,晴,北,2,2,1,310,1,110,6,110,1-6,360,2,1-6,160,1,1-6,130,1,1-4,450,9,4-6,220,4,1-6-4,1480,7,1-4-6,650,3,1,3350,1,12,73,6.85,1,0.08,1.49.4,5,3462,2,22,64,6.98,3,0.13,,6,4735,3,14,63,6.90,4,0.13,,3,4020,4,56,50,6.88,5,0.18,1.52.6,4,5311,5,51,19,6.89,6,0.22,1.55.6,2,3897,6,37,65,6.88,2,0.13,1.51.2
2024,1,1,18,6,1800,晴,西,2,2,1,120,1,100,2,340,1-2,380,1,1-2,410,3,1-2,370,5,1-4,160,2,2-4,960,8,1-2-4,1350,7,1-2-4,930,5,1,4263,1,58,24,6.78,1,0.25,1.50.9,2,3176,2,47,22,6.86,2,0.17,1.51.8,4,5170,3,39,37,6.85,3,0.16,1.54.8,3,3901,4,57,62,6.89,4,0.20,1.53.6,6,4672,5,75,46,6.85,5,0.20,,5,3780,6,23,27,6.85,6,0.16,
2024,1,1,18,7,1800,晴,北西,3,3,2,590,2,360,3,370,2-3,4890,13,2-3,1860,9,2-3,580,11,2-4,330,7,3-4,300,5,2-3-4,16540,43,2-3-4,2080,8,4,4226,1,38,41,6.84,2,0.21,2.07.4,1,3539,2,72,11,6.85,1,0.26,2.00.2,2,3878,3,20,59,6.88,3,0.26,2.02.4,3,3661,4,16,56,6.85,4,0.22,2.04.9,S1,5064,5,66,68,6.83,5,0.19,,5,5238,6,11,14,6.83,6,0.21,
2024,1,1,18,8,1800,晴,北西,2,2,1,140,1,130,4,100,1-4,320,1,1-4,210,1,1-4,100,1,1-5,310,7,4-5,220,3,1-4-5,860,2,1-4-5,410,2,1,3976,1,24,38,6.88,1,0.18,1.49.9,5,5032,2,42,35,6.84,2,0.17,,4,5101,3,63,72,6.83,3,0.24,1.54.7,2,4108,4,30,42,6.86,4,0.19,1.52.1,3,4179,5,50,13,6.83,5,0.18,1.52.9,6,4041,6,21,70,6.86,6,0.26,
2024,1,1,18,9,1800,,北西,2,2,5,360,5,160,1,100,5-1,1080,5,1-5,100,1,1-5,120,1,4-5,510,9,1-4,250,5,5-1-4,4840,16,1-4-5,540,3,2,4475,1,46,36,6.77,1,0.28,1.52.1,4,3710,2,36,75,6.84,2,0.28,1.53.8,5,4343,3,45,28,6.82,3,0.31,,3,4234,4,70,74,6.89,4,0.24,1.53.6,1,3854,5,29,20,6.81,5,0.20,1.51.3,6,5311,6,51,19,6.86,6,0.31,
2024,1,1,18,10,1800,晴,西,1,1,1,100,1,100,3,160,1-3,210,1,1-3,160,1,1-3,100,1,1-4,120,2,3-4,360,6,1-3-4,580,3,1-3-4,330,2,1,4239,1,34,52,6.82,1,0.04,1.49.1,5,4703,2,52,45,6.88,2,0.07,,2,4237,3,54,58,6.82,3,0.19,1.50.9,3,4950,4,31,60,6.83,4,0.18,1.52.1,4,3176,5,47,22,6.90,5,0.16,1.54.2,6,3158,6,15,17,6.88,6,0.18,
2024,1,1,18,11,1800,,南西,1,1,1,100,1,100,3,100,1-3,240,2,1-3,240,2,1-3,110,1,1-2,130,2,2-3,220,6,1-3-2,540,2,1-2-3,230,1,1,3897,1,37,65,6.79,1,0.11,1.50.1,3,4263,2,58,24,6.87,2,0.11,1.52.9,2,4015,3,35,48,6.89,3,0.12,1.50.4,5,3350,4,12,73,6.89,4,0.14,,4,3901,5,57,62,6.90,5,0.17,1.54.4,6,5106,6,44,51,6.85,6,0.25,
2024,1,1,18,12,1800,,南西,1,1,1,100,1,100,5,830,1-5,1530,5,1-5,1620,4,1-5,330,5,1-2,140,2,2-5,510,6,1-5-2,4070,12,1-2-5,1120,5,1,3780,1,23,27,6.84,1,0.12,1.49.6,3,4264,2,43,34,6.90,2,0.11,1.52.3,6,4108,3,30,42,6.89,3,0.09,,5,4735,4,14,63,6.93,5,0.07,,2,3568,5,53,71,6.94,4,0.12,1.51.0,4,3976,6,24,38,6.94,6,0.10,1.52.9
2024,1,1,17,1,1800,晴,東,1,1,1,100,1,100,2,120,1-2,400,2,1-2,300,1,1-2,160,1,1-3,180,2,2-3,470,9,1-2-3,980,3,1-2-3,450,2,1,4434,1,23,56,6.65,1,0.12,1.49.6,2,4374,2,17,34,6.72,2,0.10,1.50.3,3,3430,3,18,52,6.71,3,0.16,1.52.2,6,5134,4,13,61,6.74,4,0.18,1.55.1,5,4771,5,61,65,6.69,5,0.18,1.53.7,4,4683,6,20,20,6.69,6,0.17,1.53.0
2024,1,1,17,2,1800,晴,東,3,3,5,1060,5,730,6,400,5-6,4100,13,5-6,1810,6,5-6,620,8,4-5,1480,13,4-6,1110,11,5-6-4,29140,58,4-5-6,5770,15,5,4271,1,79,64,6.75,1,0.17,1.55.4,4,4292,2,60,73,6.80,2,0.14,1.52.6,6,4126,3,50,24,6.85,3,0.16,1.58.6,3,5243,4,12,70,6.74,6,0.13,1.52.3,1,5154,5,29,77,6.66,4,0.08,1.49.5,2,4600,6,66,32,6.72,5,0.08,1.50.4
2024,1,1,17,3,1800,晴,東,4,4,3,500,3,100,5,160,3-5,760,4,3-5,430,2,3-5,100,3,3-4,100,1,4-5,100,2,3-5-4,1020,4,3-4-5,130,1,F,3411,1,56,53,6.81,1,-0.06,,F,4682,2,11,17,6.71,2,-0.04,,1,3873,3,78,14,6.85,3,0.01,1.51.7,3,3920,4,19,13,6.75,5,0.01,1.54.3,2,3663,5,27,28,6.79,4,0.02,1.52.5,4,4416,6,58,31,6.79,6,0.06,1.57.2
2024,1,1,17,4,1800,晴,東,5,5,1,190,1,110,4,100,1-4,400,1,1-4,380,3,1-4,140,1,1-6,2980,12,4-6,2010,11,1-4-6,11740,34,1-4-6,4900,12,1,4173,1,30,71,6.83,1,0.14,1.51.5,4,3499,2,31,78,6.87,2,0.20,1.55.5,5,3797,3,69,35,6.77,3,0.22,1.56.7,2,3719,4,62,27,6.78,4,0.19,1.52.3,S0,5222,5,55,50,6.75,5,0.20,,3,3516,6,52,36,6.88,6,0.20,1.54.5
2024,1,1,17,5,1800,晴,東,5,5,3,110,3,120,2,340,3-2,1500,5,2-3,1010,4,2-3,180,2,1-3,170,1,1-2,310,6,3-2-1,3760,14,1-2-3,640,4,3,4219,1,80,23,6.92,1,0.17,1.54.9,2,4097,2,76,22,6.88,2,0.18,1.53.0,1,5015,3,33,12,6.78,3,0.14,1.51.4,4,4458,4,64,60,6.82,4,0.14,1.55.3,5,3054,5,73,68,6.81,5,0.18,1.56.7,6,3883,6,67,55,6.94,6,0.23,2.00.5
2024,1,1,17,6,1800,晴,東,6,6,1,140,1,110,5,110,1-5,430,2,1-5,320,2,1-5,170,2,1-4,180,3,4-5,520,7,1-5-4,1390,8,1-4-5,720,5,1,4205,1,75,58,6.95,1,0.18,1.51.5,4,5134,2,13,61,6.91,2,0.60,1.55.0,5,4811,3,16,66,6.90,3,0.17,1.56.3,3,3584,4,39,33,7.02,5,0.15,1.54.3,2,4471,5,53,72,6.97,4,0.17,1.53.5,6,4126,6,50,24,7.00,6,0.21,1.59.7
2024,1,1,17,7,1800,晴,東,5,5,1,160,1,220,2,440,1-2,540,2,1-2,430,2,1-2,230,4,1-3,150,1,2-3,330,6,1-2-3,1240,2,1-2-3,430,2,1,4564,1,35,57,6.94,1,0.06,1.51.0,2,3663,2,27,28,6.93,2,0.07,1.51.7,3,4434,3,23,56,6.87,3,0.12,1.52.9,6,3757,4,24,19,6.98,4,0.05,1.56.2,5,3282,5,74,63,6.98,5,0.10,1.55.7,4,4302,6,21,59,6.88,6,0.11,1.54.4
2024,1,1,17,8,1800,晴,東,3,3,2,230,2,140,4,320,2-4,2520,8,2-4,1720,7,2-4,510,7,2-5,370,5,4-5,1790,14,2-4-5,9980,32,2-4-5,4860,13,S2,4991,1,68,51,6.84,1,0.18,,1,4163,2,54,21,6.76,3,0.23,1.56.4,S0,3024,3,15,16,6.93,2,0.18,,2,4416,4,58,31,6.88,4,0.25,1.58.5,3,3430,5,18,52,6.81,5,0.20,2.00.6,4,3614,6,65,75,6.79,6,0.18,2.01.7
2024,1,1,17,9,1800,晴,東,4,4,1,150,1,110,4,110,1-4,380,3,1-4,280,2,1-4,160,1,1-3,200,3,3-4,260,5,1-4-3,740,2,1-3-4,300,1,1,3054,1,73,68,6.86,1,0.19,1.51.2,4,3411,2,56,53,6.88,2,0.21,1.54.5,3,4374,3,17,34,6.87,3,0.21,1.54.1,2,4835,4,57,30,6.88,4,0.27,1.52.7,5,4978,5,32,38,6.91,5,0.31,1.55.8,6,5243,6,12,70,6.86,6,0.30,1.58.9
2024,1,1,17,10,1800,晴,東,2,2,1,520,1,130,2,150,1-2,400,1,1-2,250,1,1-2,230,4,1-3,520,8,2-3,440,7,1-2-3,2330,8,1-2-3,1000,5,1,4811,1,16,66,6.77,1,0.06,1.51.0,2,4771,2,61,65,6.79,2,0.08,1.51.7,3,4458,3,64,60,6.86,3,0.12,1.53.2,5,3499,4,31,78,6.88,4,0.16,1.55.4,4,4682,5,11,17,6.80,5,0.23,1.53.3,6,3668,6,70,54,6.85,6,0.17,1.57.2
2024,1,1,17,11,1800,,東,1,1,4,260,4,130,1,130,4-1,390,2,1-4,140,1,1-4,100,1,4-5,180,3,1-5,230,7,4-1-5,1150,5,1-4-5,250,1,2,4398,1,63,29,6.84,1,0.06,1.51.0,5,4683,2,20,20,6.77,2,0.12,1.55.0,K0,5222,3,55,50,.,,.,,1,4205,4,75,58,6.77,3,0.10,1.49.1,3,4872,5,59,67,6.79,4,0.11,1.52.5,4,4292,6,60,73,6.83,5,0.12,1.53.0
2024,1,1,17,12,1800,,東,3,3,4,220,4,150,1,100,4-1,1260,5,1-4,420,2,1-4,120,1,2-4,320,8,1-2,140,2,4-1-2,2430,7,1-2-4,290,1,2,3719,1,62,27,6.73,1,0.16,1.51.0,3,4302,2,21,59,6.71,2,0.11,1.53.3,4,3584,3,39,33,6.81,3,0.11,1.54.5,1,5015,4,33,12,6.78,6,0.01,1.49.5,6,4163,5,54,21,6.72,4,0.19,1.56.4,5,3920,6,19,13,6.78,5,0.04,1.56.0
2024,1,1,16,1,1800,晴,北東,1,1,2,580,2,220,1,170,2-1,1590,9,1-2,490,2,1-2,280,4,2-3,510,11,1-3,450,9,2-1-3,6870,30,1-2-3,1220,7,2,4202,1,35,22,6.70,1,0.08,1.50.0,1,4562,2,24,33,6.64,2,0.12,1.49.2,3,3982,3,16,39,6.78,3,0.07,1.51.2,4,4635,4,45,69,6.79,4,0.07,1.52.4,6,3717,5,14,44,6.72,5,0.13,,5,4842,6,48,71,6.82,6,0.16,
2024,1,1,16,2,1800,晴,北東,1,1,1,100,1,100,2,120,1-2,240,1,1-2,160,1,1-2,170,2,1-6,150,1,2-6,270,6,1-2-6,750,1,1-2-6,500,2,1,4537,1,65,29,6.66,1,0.07,1.47.1,2,3233,2,27,35,6.70,2,0.07,1.49.8,4,3454,3,39,70,6.80,3,0.08,1.51.2,6,4563,4,64,18,6.73,4,0.06,,5,3935,5,15,66,6.75,5,0.12,,3,4069,6,22,59,6.76,6,0.11,1.50.8
2024,1,1,16,3,1800,晴,北東,1,1,2,770,2,240,3,270,2-3,2000,8,2-3,1360,7,2-3,310,7,1-2,170,2,1-3,140,1,2-3-1,5500,21,1-2-3,440,3,3,5189,1,38,27,6.66,1,0.24,1.51.6,1,4853,2,36,41,6.64,2,0.15,1.48.7,2,4974,3,67,68,6.68,3,0.23,1.49.4,4,4098,4,31,19,6.68,4,0.17,1.51.6,5,3357,5,66,49,6.70,5,0.21,,6,5317,6,69,38,6.77,6,0.20,
2024,1,1,16,4,1800,,北西,5,3,2,340,2,180,6,170,2-6,1240,6,2-6,560,3,2-6,120,2,2-4,120,3,4-6,100,1,2-6-4,1750,6,2-4-6,210,1,F,4886,1,12,51,6.73,1,-0.02,,1,4533,2,56,43,6.66,2,0.13,1.49.1,5,3949,3,58,13,6.85,6,0.02,,3,4713,4,30,26,6.79,3,0.03,1.52.2,4,4580,5,46,20,6.83,4,0.01,1.52.6,2,4166,6,55,64,6.73,5,0.04,1.50.2
2024,1,1,16,5,1800,晴,北東,3,3,1,180,1,100,2,120,1-2,330,2,1-2,280,1,1-2,170,3,1-4,160,2,2-4,270,5,1-2-4,730,1,1-2-4,260,1,1,3874,1,11,57,6.85,1,0.12,1.49.8,2,3933,2,42,75,6.84,2,0.14,1.50.6,6,5217,3,62,14,6.74,3,0.13,,3,4370,4,18,72,6.79,4,0.19,1.52.0,4,4214,5,19,50,6.83,5,0.18,1.53.7,5,4558,6,70,67,6.87,6,0.15,
2024,1,1,16,6,1800,,北東,4,3,1,140,1,100,2,150,1-2,840,3,1-2,680,3,1-2,410,6,1-4,130,1,2-4,590,10,1-2-4,2230,8,1-2-4,700,3,1,4172,1,49,12,6.70,1,0.14,1.49.7,2,3600,2,43,52,6.76,2,0.15,1.50.0,4,3643,3,28,15,6.82,3,0.14,1.52.8,3,3822,4,52,42,6.66,4,0.15,1.51.7,6,4562,5,24,33,6.69,5,0.31,,5,3436,6,59,60,6.85,6,0.12,
2024,1,1,16,7,1800,晴,北,5,5,1,190,1,110,2,340,1-2,580,3,1-2,550,3,1-2,190,3,1-6,160,1,2-6,470,8,1-2-6,1710,5,1-2-6,800,4,1,4089,1,50,36,6.85,1,0.07,1.49.8,2,4974,2,67,68,6.83,2,0.11,1.50.5,4,4563,3,64,18,6.83,3,0.06,1.52.2,5,3746,4,57,37,6.81,4,0.08,,6,4635,5,45,69,6.91,5,0.09,,3,4762,6,41,40,6.79,6,0.14,1.51.7
2024,1,1,16,8,1800,,北西,3,3,6,230,6,140,1,100,6-1,720,4,1-6,240,1,1-6,120,1,4-6,180,3,1-4,170,2,6-1-4,2020,6,1-4-6,300,1,2,3300,1,44,63,6.96,1,0.11,1.49.5,5,4580,2,46,20,6.86,2,0.08,,6,4098,3,31,19,6.81,3,0.04,,3,4842,4,48,71,6.78,5,0.10,1.51.5,4,3233,5,27,35,6.88,6,0.12,1.53.5,1,4418,6,17,28,6.90,4,0.03,1.48.1
2024,1,1,16,9,1800,,北,6,5,1,220,1,100,5,260,1-5,990,4,1-5,840,4,1-5,150,2,1-6,290,5,5-6,780,12,1-5-6,3370,11,1-5-6,1380,7,1,3717,1,14,44,6.76,1,0.16,1.50.3,5,4277,2,63,17,6.66,2,0.17,,6,5189,3,38,27,6.79,3,0.20,,4,4069,4,22,59,6.84,4,0.22,1.53.4,2,5217,5,62,14,6.71,5,0.21,1.51.2,3,3685,6,20,61,6.72,6,0.22,1.51.9
2024,1,1,16,10,1800,晴,北東,4,3,1,110,1,100,2,190,1-2,370,2,1-2,370,2,1-2,250,2,1-4,450,9,2-4,890,12,1-2-4,2470,9,1-2-4,1250,7,1,4166,1,55,64,6.76,1,0.10,1.49.3,2,3935,2,15,66,6.83,2,0.05,1.50.3,4,4713,3,30,26,6.82,3,0.08,1.52.9,3,3643,4,28,15,6.85,6,0.18,1.52.0,6,3933,5,42,75,6.93,4,0.14,,5,4370,6,18,72,6.83,5,0.18,
2024,1,1,16,11,1800,晴,北東,6,5,1,100,1,100,2,150,1-2,260,1,1-2,250,1,1-2,170,2,1-6,550,6,2-6,1170,14,1-2-6,2030,12,1-2-6,1390,8,1,4762,1,41,40,6.80,1,0.11,1.50.1,2,4214,2,19,50,6.78,2,0.15,1.51.5,5,3746,3,57,37,6.83,3,0.20,,4,4886,4,12,51,6.79,4,0.21,1.54.1,6,4537,5,65,29,6.77,5,0.15,,3,3822,6,52,42,6.72,6,0.12,1.52.7
2024,1,1,16,12,1800,,北東,5,5,1,120,1,100,2,110,1-2,200,1,1-2,200,1,1-2,120,1,1-4,150,3,2-4,450,8,1-2-4,510,2,1-2-4,380,2,1,4418,1,17,28,6.77,1,0.08,1.49.3,2,4172,2,49,12,6.84,2,0.06,1.50.0,5,4089,3,50,36,6.86,3,0.03,,3,3874,4,11,57,6.78,4,0.04,1.51.5,6,4533,5,56,43,6.82,5,0.05,,4,3300,6,44,63,6.87,6,0.03,1.52.2
2024,1,1,15,1,1800,,北西,5,5,3,380,3,110,1,100,3-1,940,4,1-3,180,1,1-3,140,1,3-4,520,7,1-4,460,6,3-1-4,2620,10,1-3-4,560,3,2,5136,1,45,58,6.74,1,0.10,1.51.5,5,4894,2,12,16,6.79,2,0.17,1.55.1,1,5037,3,53,41,6.72,3,0.13,1.49.2,3,5218,4,4,22,6.65,4,0.09,1.52.4,4,4821,5,21,4,6.72,5,0.13,1.54.3,6,5265,6,30,30,6.74,6,0.16,1.55.9
2024,1,1,15,2,1800,,北東,4,4,5,350,5,120,2,160,5-2,870,4,2-5,280,1,2-5,220,3,5-6,290,6,2-6,290,5,5-2-6,3410,14,2-5-6,820,3,5,3753,1,65,38,6.71,1,0.09,1.55.4,2,3543,2,55,9,6.67,2,0.11,1.50.9,4,4034,3,22,32,6.76,3,0.11,1.54.9,6,4946,4,11,54,6.75,4,0.04,1.55.4,1,3849,5,10,50,6.76,5,0.08,1.49.8,3,3478,6,33,31,6.78,6,0.12,1.53.1
2024,1,1,15,3,1800,,北東,3,3,3,1910,3,1070,4,120,3-4,4930,16,3-4,1730,8,3-4,310,7,2-3,290,6,2-4,160,1,3-4-2,14580,48,2-3-4,1240,6,5,3855,1,28,60,6.71,1,0.18,1.56.0,3,3975,2,1,53,6.72,2,0.08,1.51.8,1,3660,3,59,59,6.83,3,0.09,1.49.9,2,4437,4,32,7,6.76,4,0.14,1.50.4,4,3837,5,14,36,6.77,5,0.11,1.53.5,6,5326,6,49,43,6.72,6,0.09,1.57.2
2024,1,1,15,4,1800,,北東,3,3,2,130,2,110,5,280,2-5,1180,5,2-5,690,3,2-5,420,8,1-2,260,2,1-5,650,12,2-5-1,6540,27,1-2-5,1280,5,3,4010,1,40,61,6.74,1,0.09,1.53.2,1,4852,2,51,45,6.73,2,0.11,1.49.9,4,3907,3,9,63,6.69,3,0.12,1.54.0,6,3401,4,17,21,6.80,4,0.17,1.57.8,2,4348,5,61,55,6.79,5,0.18,1.51.4,5,4260,6,41,14,6.75,6,0.18,1.55.4
2024,1,1,15,5,1800,,北,4,4,2,180,2,190,5,190,2-5,810,1,2-5,420,1,2-5,260,2,1-2,430,8,1-5,520,12,2-5-1,4300,14,1-2-5,880,3,3,3701,1,43,13,6.77,1,0.19,1.53.6,1,4529,2,13,26,6.77,2,0.07,1.49.8,6,4313,3,39,34,6.76,3,0.11,1.55.1,5,4821,4,21,4,6.70,4,0.22,1.54.5,2,3908,5,37,25,6.75,5,0.17,1.50.4,4,4931,6,15,19,6.69,6,0.16,1.54.3
2024,1,1,15,6,1800,,北,4,4,2,1150,2,420,3,300,2-3,7080,15,2-3,1640,5,2-3,230,5,1-2,170,3,1-3,100,1,2-3-1,14190,32,1-2-3,460,2,3,4452,1,64,48,6.68,1,0.16,1.51.9,1,3478,2,33,31,6.69,2,0.14,1.49.9,2,4459,3,27,8,6.73,3,0.12,1.51.0,5,4772,4,56,5,6.67,4,0.17,1.57.2,4,3578,5,46,49,6.68,5,0.31,1.55.1,6,5291,6,66,2,6.79,6,0.18,2.03.0
2024,1,1,15,7,1800,,北,5,5,1,150,1,100,3,110,1-3,250,1,1-3,170,1,1-3,150,1,1-4,410,6,3-4,420,7,1-3-4,1670,5,1-3-4,860,3,1,5037,1,53,41,6.67,1,0.29,1.49.8,4,4946,2,11,54,6.74,2,0.28,1.53.2,2,4030,3,60,51,6.75,3,0.26,1.51.2,3,3553,4,54,12,6.78,4,0.17,1.53.1,5,4739,5,34,66,6.71,5,0.18,1.54.3,6,3660,6,59,59,6.82,6,0.19,1.56.0
2024,1,1,15,8,1800,,北東,3,3,1,100,1,120,2,220,1-2,440,2,1-2,410,2,1-2,150,3,1-4,100,1,2-4,150,4,1-2-4,840,3,1-2-4,200,1,1,3975,1,1,53,6.64,1,0.09,1.50.2,2,4348,2,61,55,6.70,2,0.13,1.50.7,4,4331,3,38,15,6.66,3,0.11,1.52.9,3,4643,4,7,64,6.65,4,0.22,1.51.0,5,5257,5,31,65,6.77,5,0.22,1.54.3,6,4034,6,22,32,6.79,6,0.25,1.56.2
2024,1,1,15,9,1800,,北東,3,3,2,140,2,160,4,190,2-4,3140,12,2-4,1790,6,2-4,270,4,2-5,220,3,4-5,310,6,2-4-5,7160,24,2-4-5,1260,5,5,4529,1,13,26,6.74,1,0.09,1.53.0,1,4437,2,32,7,6.72,2,0.10,1.48.5,6,3753,3,65,38,6.75,3,0.16,1.57.2,2,4511,4,20,23,6.65,4,0.17,1.50.7,3,4852,5,51,45,6.66,5,0.17,1.51.3,4,4583,6,29,44,6.73,6,0.18,1.53.0
2024,1,1,15,10,1800,,北東,3,3,1,130,1,100,2,160,1-2,390,2,1-2,380,2,1-2,190,2,1-3,240,3,2-3,680,10,1-2-3,1750,7,1-2-3,870,4,1,4772,1,56,5,6.65,1,0.05,1.49.3,2,3442,2,47,3,6.77,2,0.08,1.50.9,3,3401,3,17,21,6.71,3,0.08,1.51.5,4,3849,4,10,50,6.76,4,0.04,1.53.1,6,4154,5,8,17,6.69,5,0.17,1.55.8,5,4313,6,39,47,6.72,6,0.11,1.53.8
2024,1,1,15,11,1800,,北東,3,3,2,280,2,110,1,100,2-1,1110,4,1-2,160,1,1-2,130,1,2-4,330,6,1-4,280,5,2-1-4,4680,15,1-2-4,470,2,2,3908,1,37,25,6.73,1,0.09,1.48.9,1,4030,2,60,51,6.70,2,0.09,1.48.2,6,5136,3,45,58,6.73,3,0.11,1.53.8,3,3907,4,9,63,6.72,4,0.14,1.51.2,4,4452,5,64,48,6.73,5,0.16,1.51.7,5,3837,6,14,36,6.73,6,0.14,1.53.2
2024,1,1,15,12,1800,,東,1,1,1,190,1,100,2,100,1-2,220,1,1-2,190,1,1-2,140,1,1-5,530,10,2-5,420,6,1-2-5,2060,7,1-2-5,1080,5,1,4459,1,27,8,6.78,1,0.17,1.47.7,2,4643,2,7,64,6.73,2,0.17,1.49.5,4,4931,3,15,19,6.72,3,0.25,1.52.2,6,3543,4,55,9,6.69,4,0.23,1.54.2,3,4260,5,41,14,6.77,5,0.18,1.51.4,5,4739,6,34,66,6.80,6,0.25,1.53.9
2024,1,1,14,1,1800,晴,北西,6,6,1,100,1,100,3,110,1-3,240,1,1-3,220,1,1-3,130,1,1-2,170,3,2-3,340,5,1-3-2,650,2,1-2-3,310,1,1,4063,1,38,39,6.89,1,0.17,1.47.9,3,3587,2,53,38,6.94,2,0.18,1.51.5,2,4675,3,75,64,6.96,3,0.14,1.50.2,4,4390,4,27,58,6.92,4,0.19,1.52.6,5,4232,5,31,55,6.97,5,0.19,,6,4636,6,64,56,6.99,6,0.18,
2024,1,1,14,2,1800,晴,北西,4,4,1,160,1,150,4,450,1-4,900,5,1-4,1290,5,1-4,280,4,1-2,140,1,2-4,470,9,1-4-2,2870,14,1-2-4,610,3,1,4359,1,68,24,6.86,1,0.08,1.47.9,3,4000,2,62,34,6.87,2,0.14,1.50.3,5,4666,3,78,16,6.91,3,0.21,,2,4383,4,30,35,7.00,4,0.17,1.49.1,6,4429,5,63,11,7.07,5,0.18,,4,4028,6,25,70,6.93,6,0.21,1.51.8
2024,1,1,14,3,1800,,北西,4,4,1,150,1,130,2,280,1-2,550,2,1-2,360,2,1-2,320,3,1-6,690,9,2-6,1080,13,1-2-6,4450,15,1-2-6,2350,7,1,4596,1,37,13,6.94,1,0.04,1.47.9,2,4474,2,51,63,6.87,2,0.15,1.49.1,6,4812,3,24,78,6.92,3,0.09,,4,5199,4,36,51,6.83,6,0.23,1.51.8,5,4247,5,35,26,6.93,4,0.21,,3,5172,6,32,37,6.97,5,0.24,1.50.9
2024,1,1,14,4,1800,晴,北西,4,4,4,330,4,160,2,300,4-2,1900,7,2-4,1290,5,2-4,440,6,3-4,430,5,2-3,780,8,4-2-3,6570,23,2-3-4,1910,5,5,3333,1,60,23,7.03,1,0.04,,2,3477,2,70,66,6.98,2,0.06,1.49.4,3,4167,3,52,60,6.92,3,0.01,1.50.6,1,4685,4,66,20,6.93,4,0.02,1.48.1,4,5249,5,20,54,6.84,5,0.03,1.51.0,6,5025,6,39,74,7.00,6,0.05,
2024,1,1,14,5,1800,晴,北西,4,4,1,350,1,140,2,110,1-2,960,4,1-2,310,2,1-2,140,2,1-3,140,3,2-3,130,1,1-2-3,1350,4,1-2-3,240,1,1,4333,1,10,65,6.94,1,0.10,1.48.8,2,4052,2,26,79,6.90,2,0.12,1.50.2,3,3841,3,56,72,6.95,3,0.08,1.51.5,6,4268,4,12,73,7.02,4,0.09,,5,3615,5,14,32,6.97,5,0.08,,4,4390,6,27,58,7.02,6,0.09,1.52.4
2024,1,1,14,6,1800,晴,北西,4,4,4,200,4,160,3,350,4-3,1940,10,3-4,670,4,3-4,170,3,4-5,160,2,3-5,280,6,4-3-5,3530,14,3-4-5,670,4,4,4116,1,33,71,6.91,1,0.22,1.50.9,6,5143,2,67,28,6.90,2,0.20,,2,4839,3,18,57,6.88,3,0.10,1.48.2,1,3788,4,16,18,6.95,4,0.09,1.47.0,3,4757,5,74,52,6.97,5,0.16,1.49.5,5,3587,6,53,38,7.02,6,0.14,
2024,1,1,14,7,1800,晴,北西,5,5,1,530,1,100,3,130,1-3,870,4,1-3,330,1,1-3,170,3,1-2,420,7,2-3,160,2,1-3-2,2090,7,1-2-3,600,3,1,5041,1,28,12,6.89,1,0.08,1.48.2,3,4247,2,35,26,6.88,2,0.04,1.50.9,2,4063,3,38,39,6.84,3,0.04,1.49.5,4,4704,4,65,29,6.89,4,0.12,1.51.1,6,4666,5,78,16,6.96,5,0.14,,5,3361,6,13,25,6.94,6,0.21,
2024,1,1,14,8,1800,晴,北西,5,5,1,270,1,100,3,160,1-3,770,3,1-3,490,3,1-3,210,2,1-4,270,5,3-4,260,4,1-3-4,1460,1,1-3-4,420,2,1,5278,1,34,22,6.93,1,0.12,1.47.0,4,5172,2,32,37,6.90,2,0.28,1.51.7,2,3333,3,60,23,7.19,3,0.09,1.48.7,3,4000,4,62,34,6.97,4,0.09,1.50.5,6,4708,5,59,21,6.98,5,0.13,,5,3820,6,19,36,7.01,6,0.15,
2024,1,1,14,9,1800,晴,北西,3,3,6,320,6,140,1,170,6-1,1200,3,1-6,530,2,1-6,250,2,5-6,140,1,1-5,310,6,6-1-5,3700,12,1-5-6,480,1,2,4429,1,63,11,7.03,1,0.08,1.53.9,S1,3372,2,55,75,6.81,2,0.19,,4,4333,3,10,65,6.94,5,0.21,1.58.1,5,4691,4,23,69,6.94,6,0.17,,3,4732,5,79,14,6.92,3,0.12,1.56.3,1,3743,6,57,68,6.95,4,0.16,1.51.2
2024,1,1,14,10,1800,晴,北西,3,3,2,160,2,110,5,350,2-5,740,3,2-5,500,2,2-5,250,2,2-3,560,7,3-5,950,10,2-5-3,3190,12,2-3-5,1110,4,4,4167,1,52,60,6.96,1,0.19,1.51.3,1,3788,2,16,18,6.88,2,0.07,1.47.1,3,3615,3,14,32,6.99,3,0.09,1.51.0,5,4636,4,64,56,6.92,4,0.11,,2,3304,5,72,62,6.94,5,0.11,1.48.7,6,4474,6,51,63,6.96,6,0.14,
2024,1,1,14,11,1800,,北西,2,2,2,640,2,100,4,530,2-4,4050,12,2-4,2120,8,2-4,370,7,1-2,110,1,1-4,230,4,2-4-1,9970,31,1-2-4,510,3,3,3841,1,56,72,6.88,1,0.09,1.49.3,1,4704,2,65,29,6.80,2,0.09,1.46.1,5,4359,3,68,24,6.87,3,0.09,,2,4116,4,33,71,6.80,4,0.11,1.47.5,6,3477,5,70,66,6.96,5,0.13,,4,4812,6,24,78,6.86,6,0.08,1.50.5
2024,1,1,14,12,1800,,北東,2,2,1,100,1,100,3,140,1-3,460,3,1-3,320,2,1-3,130,2,1-2,120,1,2-3,220,5,1-3-2,1190,6,1-2-3,350,2,1,4685,1,66,20,6.86,1,0.20,1.46.3,3,4757,2,74,52,6.99,2,0.31,1.49.6,2,4596,3,37,13,6.99,3,0.20,1.48.1,4,4052,4,26,79,6.79,4,0.18,1.51.0,6,5278,5,34,22,6.90,5,0.16,,5,4383,6,30,35,6.93,6,0.23,
2024,1,1,09,1,1200,晴,北西,6,5,1,100,1,230,2,390,1-2,250,1,1-2,260,2,1-2,150,2,1-4,260,4,2-4,700,9,1-2-4,1080,4,1-2-4,640,3,1,4376,1,29,73,6.84,1,0.15,1.15.3,2,4016,2,65,65,6.76,2,0.15,1.15.3,6,4731,3,57,29,6.69,3,0.13,,3,3981,4,35,32,6.70,4,0.15,1.17.0,4,5098,5,30,39,6.70,5,0.18,1.18.0,5,3812,6,21,16,6.76,6,0.20,
2024,1,1,09,2,1200,晴,北西,6,5,5,620,5,270,4,230,5-4,2770,13,4-5,1250,6,4-5,350,7,5-6,1660,15,4-6,1130,12,5-4-6,12480,48,4-5-6,3550,15,5,4181,1,24,36,6.77,1,0.11,,4,3392,2,66,59,6.75,2,0.20,1.17.0,6,4358,3,26,17,6.68,3,0.18,,2,4988,4,64,49,6.82,4,0.08,1.16.3,1,4754,5,20,13,6.88,5,0.09,1.14.5,3,5275,6,67,43,6.82,6,0.08,1.16.8
2024,1,1,09,3,1200,晴,北西,6,5,1,140,1,100,4,120,1-4,530,3,1-4,480,3,1-4,150,2,1-2,260,3,2-4,400,8,1-4-2,1720,5,1-2-4,580,3,1,4470,1,45,40,6.74,1,0.15,1.14.7,3,3934,2,55,37,6.79,2,0.18,1.16.6,5,3984,3,13,45,6.85,3,0.16,,2,4466,4,15,48,6.85,4,0.15,1.15.6,6,5020,5,58,34,6.86,5,0.18,,4,4049,6,40,50,6.78,6,0.28,1.16.7
2024,1,1,09,4,1200,晴,北西,7,5,1,230,1,100,2,170,1-2,1190,6,1-2,610,2,1-2,660,10,1-4,240,3,2-4,620,9,1-2-4,4740,17,1-2-4,2070,10,1,5183,1,22,33,6.70,1,0.13,1.15.3,2,5120,2,27,24,6.76,2,0.08,1.16.4,5,3931,3,39,27,6.66,3,0.11,,3,4568,4,73,19,6.66,4,0.16,1.16.9,6,3842,5,51,20,6.85,5,0.22,,4,4797,6,59,44,6.72,6,0.17,1.17.2
2024,1,1,09,5,1200,晴,北西,6,5,6,2140,6,450,1,120,6-1,9530,16,1-6,1070,4,1-6,470,7,4-6,420,6,1-4,170,3,6-1-4,20840,38,1-4-6,750,3,2,4926,1,43,46,6.85,1,0.19,1.15.0,4,3605,2,71,26,6.85,2,0.23,1.16.6,6,5128,3,16,51,6.88,3,0.34,,3,4618,4,36,25,6.79,4,0.19,1.16.2,5,3226,5,63,23,6.88,5,0.27,,1,4293,6,56,75,6.77,6,0.14,1.14.2
2024,1,1,09,6,1200,晴,北西,7,5,4,660,4,250,2,120,4-2,2560,10,2-4,850,4,2-4,210,2,4-5,390,7,2-5,260,6,4-2-5,9250,33,2-4-5,2350,10,6,5130,1,54,47,6.66,1,0.24,,2,4579,2,52,41,6.74,2,0.15,1.16.3,5,3340,3,18,35,6.70,3,0.32,,1,4358,4,26,17,6.76,4,0.21,1.15.1,3,4104,5,23,11,6.86,5,0.09,1.17.4,4,5010,6,62,12,6.85,6,0.10,1.17.9
2024,1,1,09,7,1200,晴,北西,7,5,1,280,1,260,5,210,1-5,2370,11,1-5,1530,8,1-5,530,10,1-6,450,8,5-6,680,12,1-5-6,7470,30,1-5-6,3770,15,1,3922,1,47,18,6.69,1,0.13,1.14.8,6,4988,2,64,49,6.83,2,0.12,,5,4796,3,38,15,6.73,3,0.27,,4,4016,4,65,65,6.87,4,0.15,1.17.8,2,4156,5,72,14,6.71,5,0.14,1.15.8,3,3984,6,13,45,6.75,6,0.18,1.16.3
2024,1,1,09,8,1200,晴,北西,5,3,2,2050,2,1220,6,230,2-6,20350,28,2-6,11020,14,2-6,1900,13,2-4,880,9,4-6,2430,15,2-6-4,177400,117,2-4-6,11410,20,S0,5098,1,30,39,6.73,1,0.32,,1,4979,2,46,28,6.79,2,0.37,1.20.9,5,4024,3,44,30,6.67,3,0.28,,3,4181,4,24,36,6.84,4,0.32,1.25.2,4,4466,5,15,48,6.83,5,0.29,1.27.1,2,3842,6,51,20,6.91,6,0.33,1.22.9
2024,1,1,09,9,1200,晴,北西,6,5,1,180,1,140,5,510,1-5,1660,7,1-5,1060,5,1-5,290,5,1-3,840,8,3-5,910,11,1-5-3,10760,37,1-3-5,3040,12,1,4754,1,20,13,6.87,1,0.19,1.14.7,6,3981,2,35,32,6.78,2,0.20,,3,3226,3,63,23,6.74,3,0.21,1.16.6,4,4856,4,50,74,6.73,4,0.33,1.17.6,2,4049,5,40,50,6.77,5,0.36,1.15.8,5,4431,6,48,38,6.70,6,0.34,
2024,1,1,09,10,1200,晴,北西,5,3,4,590,4,240,5,260,4-5,1580,7,4-5,780,5,4-5,260,5,1-4,150,1,1-5,180,2,4-5-1,3420,13,1-4-5,350,1,3,3852,1,49,31,6.80,1,0.17,1.16.6,4,4470,2,45,40,6.82,2,0.17,1.16.8,6,5010,3,62,12,6.69,3,0.10,,1,3931,4,39,27,6.69,4,0.09,1.14.2,2,4926,5,43,46,6.73,5,0.09,1.15.7,5,4104,6,23,11,6.76,6,0.14,
2024,1,1,09,11,1200,晴,北西,6,5,1,140,1,150,2,160,1-2,200,1,1-2,220,1,1-2,130,1,1-4,200,3,2-4,220,4,1-2-4,670,2,1-2-4,480,3,1,4797,1,59,44,6.77,1,0.17,1.14.8,2,4156,2,72,14,6.81,2,0.23,1.16.2,6,5020,3,58,34,6.80,3,0.41,,3,3340,4,18,35,6.76,4,0.31,1.17.1,5,4376,5,29,73,6.82,5,0.28,,4,3605,6,71,26,6.83,6,0.28,1.17.8
2024,1,1,09,12,1200,晴,北西,5,3,1,110,1,100,3,140,1-3,310,2,1-3,380,3,1-3,120,1,1-4,210,3,3-4,620,8,1-3-4,860,5,1-3-4,500,3,1,4024,1,44,30,6.67,1,0.04,1.13.4,4,4688,2,17,21,6.83,2,0.04,1.16.2,2,4579,3,52,41,6.68,3,0.07,1.14.7,3,4796,4,38,60,6.72,4,0.13,1.15.3,6,5128,5,16,51,6.83,5,0.13,,5,4731,6,57,29,6.73,6,0.08,
2024,1,1,08,1,1800,晴,西,5,4,6,330,6,340,1,150,6-1,2160,8,1-6,860,4,1-6,200,4,3-6,160,2,1-3,130,1,6-1-3,4090,16,1-3-6,370,1,2,4565,1,48,26,6.74,1,0.11,1.51.3,5,4062,2,25,70,6.80,2,0.16,,3,4706,3,45,48,6.76,3,0.18,1.52.3,4,3895,4,41,51,6.80,4,0.16,1.55.6,6,5321,5,20,22,6.88,6,0.28,,1,4983,6,8,56,6.85,5,0.20,1.50.6
2024,1,1,08,2,1800,晴,西,5,4,1,370,1,190,3,130,1-3,930,6,1-3,710,3,1-3,260,6,1-2,340,7,2-3,110,1,1-3-2,2150,9,1-2-3,260,1,1,3967,1,31,72,6.88,1,0.14,1.50.7,3,4483,2,32,75,6.77,2,0.14,1.53.4,2,4409,3,37,68,6.87,3,0.17,1.51.5,5,4681,4,5,43,6.80,4,0.11,,4,4630,5,47,50,6.79,5,0.12,1.54.3,6,5318,6,50,49,6.74,6,0.08,
2024,1,1,08,3,1800,晴,西,5,4,2,200,2,150,5,830,2-5,2040,7,2-5,1530,7,2-5,350,5,2-3,200,3,3-5,2550,15,2-5-3,9420,27,2-3-5,2680,10,5,4785,1,21,27,6.82,1,0.13,,1,5089,2,22,52,6.71,2,0.09,1.49.5,3,3467,3,58,69,6.89,3,0.13,1.54.2,6,5074,4,12,18,6.83,4,0.17,,2,4453,5,35,32,6.87,5,0.10,1.52.7,4,3713,6,59,63,6.90,6,0.08,1.54.7
2024,1,1,08,4,1800,晴,西,5,4,1,190,1,120,2,100,1-2,340,1,1-2,300,1,1-2,140,2,1-5,150,3,2-5,120,1,1-2-5,660,1,1-2-5,180,1,1,4650,1,19,34,6.90,1,0.07,1.50.8,2,4903,2,56,24,6.76,2,0.12,1.51.9,4,4676,3,14,11,6.88,3,0.12,1.53.2,5,4863,4,11,16,6.90,4,0.17,,3,4074,5,38,40,6.77,5,0.11,1.52.8,6,5319,6,52,12,6.79,6,0.21,
2024,1,1,08,5,1800,晴,西,5,4,5,1850,5,290,4,570,5-4,2930,7,4-5,890,5,4-5,220,5,1-5,130,1,1-4,140,2,5-4-1,4510,16,1-4-5,210,1,3,3554,1,13,37,6.80,1,0.19,1.53.9,4,3637,2,30,39,6.79,2,0.20,1.54.7,5,3519,3,60,14,6.75,3,0.24,,2,4298,4,9,17,6.74,4,0.12,1.52.6,1,4084,5,2,20,6.71,5,0.10,1.50.8,6,5321,6,20,22,6.89,6,0.17,
2024,1,1,08,6,1800,晴,西,5,4,2,100,2,100,5,120,2-5,280,1,2-5,210,1,2-5,180,1,2-6,540,9,5-6,1310,12,2-5-6,1460,5,2-5-6,940,4,6,5178,1,39,21,6.81,1,0.06,,1,3941,2,16,46,6.74,2,0.07,1.50.6,5,3967,3,31,72,6.80,3,0.10,,4,4062,4,25,70,6.80,4,0.17,1.55.1,2,4228,5,54,54,6.69,5,0.15,1.52.5,3,4752,6,40,74,6.71,6,0.14,1.54.2
2024,1,1,08,7,1800,晴,西,5,4,1,200,1,210,3,120,1-3,580,2,1-3,320,2,1-3,260,2,1-5,370,4,3-5,390,5,1-3-5,2340,8,1-3-5,1030,5,1,5033,1,1,28,6.71,1,0.20,1.50.1,5,5197,2,46,73,6.74,2,0.22,,2,4483,3,32,75,6.74,3,0.19,1.51.2,4,4516,4,28,44,6.74,4,0.19,1.54.3,3,4161,5,7,33,6.73,5,0.17,1.54.0,6,5190,6,18,35,6.73,6,0.16,
2024,1,1,08,8,1800,晴,西,4,3,5,170,5,100,3,130,5-3,720,4,3-5,320,1,3-5,140,2,1-5,120,1,1-3,190,4,5-3-1,1820,5,1-3-5,320,1,3,3895,1,41,51,6.76,1,0.22,1.53.7,6,4453,2,35,32,6.72,2,0.19,,2,4630,3,47,50,6.65,3,0.18,1.51.4,5,4650,4,19,34,6.80,4,0.19,,1,4586,5,44,30,6.67,5,0.13,1.49.8,4,5125,6,49,19,6.75,6,0.20,1.55.0
2024,1,1,08,9,1800,晴,西,4,3,1,180,1,160,5,170,1-5,630,2,1-5,410,3,1-5,120,1,1-3,120,1,3-5,150,3,1-5-3,800,2,1-3-5,170,1,1,4706,1,45,48,6.80,1,0.17,1.50.1,5,3776,2,36,47,6.74,4,0.24,,3,4903,3,56,24,6.73,2,0.24,1.52.8,4,5245,4,57,45,6.81,6,0.15,1.54.8,2,3554,5,13,37,6.74,3,0.25,1.50.7,6,4676,6,14,11,6.78,5,0.22,
2024,1,1,08,10,1800,晴,西,4,3,1,110,1,100,4,190,1-4,470,2,1-4,570,2,1-4,190,2,1-6,670,9,4-6,950,13,1-4-6,6110,16,1-4-6,3360,8,1,4074,1,38,40,6.73,1,0.12,1.49.8,6,4681,2,5,43,6.79,2,0.24,,4,4228,3,54,54,6.66,3,0.17,1.53.9,2,3713,4,59,63,6.79,4,0.09,1.51.8,5,4565,5,48,26,6.71,5,0.16,,3,3519,6,60,14,6.79,6,0.18,1.52.8
2024,1,1,08,11,1800,晴,西,4,3,4,290,4,100,1,100,4-1,690,3,1-4,150,1,1-4,100,1,2-4,260,5,1-2,130,2,4-1-2,1780,6,1-2-4,190,1,2,4084,1,2,20,6.71,1,0.16,1.51.1,3,4161,2,7,33,6.73,2,0.14,1.53.6,5,4785,3,21,27,6.76,3,0.18,,1,4983,4,8,56,6.81,4,0.18,1.49.7,6,4863,5,11,16,6.78,6,0.21,,4,5074,6,12,18,6.75,5,0.21,1.54.2
2024,1,1,08,12,1800,晴,西,4,3,1,110,1,100,4,130,1-4,200,1,1-4,150,1,1-4,130,1,1-5,300,5,4-5,340,8,1-4-5,790,3,1-4-5,570,3,1,4586,1,44,30,6.63,1,0.15,1.49.3,5,4298,2,9,17,6.68,2,0.20,,6,4516,3,28,44,6.70,3,0.21,,2,3941,4,16,46,6.70,4,0.14,1.50.6,3,4409,5,37,68,6.70,5,0.15,1.51.3,4,5089,6,22,52,6.72,6,0.16,1.53.9
2024,1,1,07,1,1800,晴,北西,3,1,3,290,3,110,6,130,3-6,600,2,3-6,300,1,3-6,120,1,3-5,300,8,5-6,240,5,3-6-5,2360,6,3-5-6,660,4,F,4914,1,36,72,6.63,1,-0.02,,5,5232,2,61,55,6.76,2,0.05,,1,4435,3,40,47,6.69,3,0.08,1.49.8,4,4129,4,46,25,6.74,4,0.13,1.52.2,3,5127,5,57,77,6.66,6,0.27,1.52.1,2,5166,6,68,54,6.58,5,0.50,1.51.4
2024,1,1,07,2,1800,晴,北,2,1,1,350,1,150,5,460,1-5,3180,13,1-5,1410,7,1-5,470,7,1-6,370,6,5-6,530,8,1-5-6,7680,33,1-5-6,2090,10,1,3687,1,26,45,6.62,1,0.07,1.49.6,4,4369,2,21,19,6.72,2,0.12,1.52.8,6,4199,3,49,62,6.73,3,0.14,,5,4056,4,20,46,6.73,4,0.12,,2,4570,5,35,18,6.73,5,0.09,1.50.4,3,4850,6,53,11,6.64,6,0.06,1.51.7
2024,1,1,07,3,1800,晴,北,3,1,1,200,1,230,5,1030,1-5,2040,8,1-5,1140,4,1-5,330,5,1-3,130,1,3-5,720,13,1-5-3,8700,33,1-3-5,1520,7,1,3988,1,37,21,6.68,1,0.20,1.48.7,6,5252,2,62,50,6.61,2,0.26,,3,5068,3,77,14,6.57,3,0.19,1.50.5,4,4604,4,29,15,6.57,4,0.17,1.51.3,2,4080,5,27,13,6.67,5,0.17,1.49.4,5,3957,6,24,37,6.69,6,0.23,
2024,1,1,07,4,1800,晴,北西,3,1,1,120,1,100,3,220,1-3,330,1,1-3,230,1,1-3,140,1,1-4,150,2,3-4,240,6,1-3-4,720,1,1-3-4,340,1,1,4276,1,41,76,6.68,1,0.09,1.48.7,5,3921,2,39,51,6.73,2,0.06,,2,4509,3,54,70,6.64,3,0.06,1.50.1,3,4786,4,33,67,6.68,4,0.07,1.52.3,4,4118,5,70,61,6.69,5,0.16,1.53.1,6,3831,6,14,56,6.77,6,0.18,
2024,1,1,07,5,1800,晴,北西,3,1,1,140,1,160,4,300,1-4,920,4,1-4,570,3,1-4,300,4,1-2,490,7,2-4,830,10,1-4-2,5710,19,1-2-4,2010,7,1,4215,1,59,35,6.78,1,0.07,1.58.3,3,5114,2,67,28,6.77,2,0.18,2.04.8,4,4960,3,43,60,6.76,3,0.19,2.08.7,2,4626,4,51,63,6.77,4,0.10,2.01.1,S1,4269,5,66,41,6.75,5,0.09,,5,4231,6,76,39,6.85,6,0.15,
2024,1,1,07,6,1800,晴,北西,3,1,1,160,1,100,2,480,1-2,1150,4,1-2,1130,4,1-2,280,6,1-6,130,1,2-6,210,4,1-2-6,2510,8,1-2-6,500,2,1,4910,1,38,38,6.65,1,0.22,1.48.0,2,4663,2,22,30,6.77,4,0.23,1.50.1,6,5166,3,68,54,6.73,2,0.23,,5,5137,4,55,16,6.72,5,0.22,,4,3455,5,19,66,6.77,6,0.28,1.53.3,3,3946,6,65,22,6.77,3,0.22,1.51.5
2024,1,1,07,7,1800,晴,北西,3,1,4,170,4,240,6,6350,4-6,3510,10,4-6,4080,9,4-6,1030,10,1-4,160,1,1-6,960,9,4-6-1,10530,26,1-4-6,1350,5,3,4067,1,73,53,6.77,1,0.24,1.51.0,5,4442,2,58,48,6.78,2,0.20,,4,4142,3,63,69,6.84,3,0.20,1.52.3,1,4850,4,53,11,6.72,4,0.09,1.48.7,6,4943,5,34,24,6.78,5,0.27,,2,5127,6,57,77,6.76,6,0.35,1.50.3
2024,1,1,07,8,1800,晴,北西,3,1,1,140,1,110,4,350,1-4,1110,4,1-4,1050,4,1-4,250,6,1-2,130,1,2-4,310,7,1-4-2,1890,8,1-2-4,310,2,1,4786,1,33,67,6.74,1,0.19,1.56.5,3,4337,2,28,36,6.71,2,0.15,2.01.1,S1,5082,3,15,65,6.73,3,0.13,,2,3957,4,24,37,6.74,4,0.18,1.58.1,4,5232,5,61,55,6.85,5,0.16,2.03.6,5,4369,6,21,19,6.83,6,0.22,
2024,1,1,07,9,1800,晴,北西,3,1,5,3060,5,790,2,490,5-2,14610,24,2-5,8330,12,2-5,970,12,3-5,830,10,2-3,470,7,5-2-3,115690,111,2-3-5,6790,16,4,4118,1,70,61,6.77,1,0.16,1.52.5,2,4570,2,35,18,6.79,2,0.20,1.50.3,3,3621,3,17,12,6.82,3,0.19,1.51.3,5,4435,4,40,47,6.81,4,0.18,,1,4139,5,69,17,6.75,5,0.14,1.48.6,6,4626,6,51,63,6.76,6,0.23,
2024,1,1,07,10,1800,晴,北西,3,1,5,400,5,190,3,110,5-3,2470,8,3-5,1710,5,3-5,210,5,1-5,100,1,1-3,120,2,5-3-1,5440,19,1-3-5,290,1,3,4269,1,66,41,6.73,1,0.24,1.51.2,5,4080,2,27,13,6.80,2,0.19,,2,4914,3,36,72,6.72,3,0.23,1.49.9,4,3831,4,14,56,6.83,4,0.18,1.52.1,1,4910,5,38,38,6.71,5,0.18,1.48.8,6,4526,6,72,43,6.76,6,0.22,
2024,1,1,07,11,1800,晴,北西,3,1,1,120,1,100,3,120,1-3,180,1,1-3,160,1,1-3,130,1,1-2,330,7,2-3,510,10,1-3-2,1350,4,1-2-3,770,4,1,4604,1,29,15,6.65,1,0.15,1.47.0,3,4129,2,46,25,6.77,2,0.21,1.51.1,2,3946,3,65,22,6.74,3,0.21,1.49.5,6,5114,4,67,28,6.70,5,0.21,,5,4199,5,49,62,6.80,4,0.20,,4,4509,6,54,70,6.69,6,0.28,1.52.2
2024,1,1,07,12,1800,晴,北西,3,1,1,100,1,100,5,360,1-5,440,3,1-5,340,2,1-5,100,1,1-4,100,2,4-5,150,4,1-5-4,620,4,1-4-5,160,1,1,4337,1,28,36,6.70,1,0.01,1.47.3,F,3455,2,19,66,6.78,2,-0.01,,4,4442,3,58,48,6.81,3,0.01,1.52.0,3,4276,4,41,76,6.76,4,0.01,1.51.2,2,5068,5,77,14,6.71,6,0.06,1.49.1,F,4960,6,43,60,6.76,5,-0.01,
2024,1,1,06,1,1800,晴,北西,6,3,4,200,4,210,1,190,4-1,1200,7,1-4,660,3,1-4,400,6,4-5,710,11,1-5,660,10,4-1-5,15090,43,1-4-5,4300,13,2,4918,1,7,53,6.83,1,0.05,1.50.8,4,3489,2,37,48,6.82,2,0.16,1.54.3,5,4058,3,32,22,6.87,3,0.13,,1,4150,4,60,36,6.72,4,0.11,1.49.9,3,5316,5,24,41,6.79,6,0.15,1.52.3,6,3294,6,21,26,6.87,5,0.12,
2024,1,1,06,2,1800,晴,北,6,3,3,160,3,110,1,150,3-1,390,2,1-3,250,1,1-3,250,4,2-3,450,7,1-2,890,10,3-1-2,2130,7,1-2-3,840,4,2,4625,1,6,67,6.72,1,0.05,1.51.7,3,5110,2,13,57,6.75,2,0.15,1.53.1,1,4524,3,17,43,6.73,3,0.10,1.50.2,6,3563,4,29,49,6.75,4,0.18,,4,4216,5,49,59,6.86,5,0.29,1.55.0,5,3474,6,5,31,6.82,6,0.35,
2024,1,1,06,3,1800,晴,北西,5,3,2,330,2,130,1,220,2-1,2570,17,1-2,690,3,1-2,550,10,2-6,320,7,1-6,220,3,2-1-6,4930,24,1-2-6,1260,7,2,4068,1,63,65,6.90,1,0.15,1.51.7,1,5205,2,3,28,6.76,2,0.17,1.49.2,6,4793,3,64,56,6.82,3,0.15,,5,4131,4,11,73,6.75,4,0.14,,4,5269,5,16,12,6.82,6,0.16,1.53.6,3,3956,6,18,69,6.82,5,0.14,1.52.7
2024,1,1,06,4,1800,晴,北西,5,3,5,440,5,340,4,340,5-4,1280,5,4-5,920,4,4-5,200,3,3-5,130,1,3-4,180,2,5-4-3,2220,6,3-4-5,300,1,6,5248,1,50,52,6.80,1,0.07,,4,4840,2,4,50,6.70,2,0.12,1.53.7,3,3987,3,9,62,6.75,3,0.15,1.52.9,2,4076,4,20,20,6.76,5,0.21,1.51.8,1,3422,5,22,46,6.79,4,0.25,1.50.5,5,3718,6,36,27,6.86,6,0.29,
2024,1,1,06,5,1800,晴,北西,5,2,1,120,1,100,3,130,1-3,250,1,1-3,250,1,1-3,120,1,1-4,180,3,3-4,690,13,1-3-4,750,2,1-3-4,470,2,1,3744,1,35,60,6.73,1,0.16,1.50.2,5,3591,2,38,74,6.77,2,0.26,,2,3796,3,65,32,6.78,3,0.28,1.51.2,3,4273,4,39,35,6.78,4,0.25,1.52.1,6,4989,5,66,45,6.73,5,0.22,,4,4209,6,1,14,6.79,6,0.21,1.54.0
2024,1,1,06,6,1800,晴,北西,4,2,6,1410,6,250,1,100,6-1,6890,12,1-6,1360,4,1-6,290,4,2-6,1040,10,1-2,190,2,6-1-2,46540,56,1-2-6,2440,6,2,3959,1,41,18,6.73,1,0.10,1.50.2,3,3839,2,58,38,6.91,2,0.06,1.51.5,6,4740,3,33,76,6.80,3,0.09,,4,4033,4,23,75,6.66,4,0.08,1.53.5,5,3294,5,21,26,6.79,5,0.10,,1,4216,6,49,59,6.81,6,0.17,1.49.0
2024,1,1,06,7,1800,晴,北西,3,1,1,110,1,110,4,290,1-4,210,1,1-4,190,1,1-4,120,1,1-5,360,6,4-5,370,7,1-4-5,1070,4,1-4-5,630,3,1,4342,1,19,54,6.72,1,0.15,1.48.3,4,4918,2,7,53,6.78,2,0.16,1.53.1,6,5269,3,16,12,6.77,3,0.17,,2,5034,4,40,34,6.70,4,0.12,1.50.4,3,5110,5,13,57,6.74,5,0.20,1.52.0,5,4124,6,31,64,6.78,6,0.26,
2024,1,1,06,8,1800,晴,北西,3,1,1,160,1,130,3,480,1-3,1420,6,1-3,1130,5,1-3,300,7,1-5,110,1,3-5,280,6,1-3-5,2610,9,1-3-5,580,3,1,3811,1,34,11,6.67,1,0.07,1.49.1,4,4068,2,63,65,6.71,2,0.10,1.52.5,2,4840,3,4,50,6.67,3,0.09,1.50.4,5,3489,4,37,48,6.76,4,0.09,,3,3960,5,2,30,6.63,5,0.09,1.50.7,6,4417,6,30,33,6.77,6,0.22,
2024,1,1,06,9,1800,晴,北西,3,1,3,2190,3,350,4,250,3-4,7120,16,3-4,4520,11,3-4,690,9,3-5,440,8,4-5,340,5,3-4-5,27370,51,3-4-5,3170,8,5,4131,1,11,73,6.65,1,0.17,,4,4076,2,20,20,6.69,2,0.20,1.52.8,1,4273,3,39,35,6.72,3,0.18,1.48.5,2,4207,4,15,13,6.73,4,0.15,1.49.9,3,4524,5,17,43,6.71,5,0.11,1.51.5,6,5316,6,24,41,6.74,6,0.15,
2024,1,1,06,10,1800,晴,北西,4,2,1,140,1,120,2,330,1-2,310,2,1-2,290,2,1-2,180,2,1-4,280,5,2-4,500,8,1-2-4,1400,5,1-2-4,950,4,1,4494,1,59,23,6.70,1,0.13,1.49.1,2,3987,2,9,62,6.66,2,0.12,1.50.9,4,4033,3,23,75,6.70,3,0.12,1.53.0,3,4360,4,62,44,6.70,4,0.16,1.51.7,5,4793,5,64,56,6.75,5,0.15,,6,3796,6,65,32,6.68,6,0.19,
2024,1,1,06,11,1800,晴,北西,4,2,1,130,1,100,6,900,1-6,1960,8,1-6,1970,6,1-6,300,5,1-3,120,1,3-6,320,6,1-6-3,4790,17,1-3-6,940,3,1,3422,1,22,46,6.75,1,0.11,1.48.6,4,3474,2,5,31,6.76,2,0.07,1.52.7,3,3959,3,41,18,6.72,3,0.10,1.50.9,5,4058,4,32,22,6.83,6,0.16,,6,3744,5,35,60,6.74,4,0.12,,2,5034,6,40,34,6.73,5,0.17,1.50.1
2024,1,1,06,12,1800,晴,北西,3,1,1,100,1,100,2,110,1-2,170,1,1-2,180,1,1-2,110,1,1-6,290,5,2-6,540,8,1-2-6,1140,4,1-2-6,690,3,1,3960,1,2,30,6.65,1,0.08,1.46.5,2,3956,2,18,69,6.74,2,0.08,1.49.1,4,4209,3,1,14,6.77,3,0.08,1.52.5,6,3839,4,58,38,6.84,4,0.08,,5,4342,5,19,54,6.73,5,0.10,,3,4150,6,60,36,6.76,6,0.11,1.50.5
